Date,FOB Per Pound
2013-01-02,0.97
2013-01-03,0.97
2013-01-04,0.97
2013-01-05,0.97
2013-01-06,0.97
2013-01-07,0.97
2013-01-08,0.97
2013-01-09,0.97
2013-01-10,0.97
2013-01-11,0.97
2013-01-12,0.97
2013-01-13,0.97
2013-01-14,0.97
2013-01-15,0.97
2013-01-16,0.97
2013-01-17,0.97
2013-01-18,0.97
2013-01-19,0.97
2013-01-20,0.97
2013-01-21,0.97
2013-01-22,0.97
2013-01-23,0.97
2013-01-24,0.97
2013-01-25,0.97
2013-01-26,0.97
2013-01-27,0.97
2013-01-28,0.97
2013-01-29,0.97
2013-01-30,0.97
2013-01-31,0.97
2013-02-01,0.97
2013-02-02,0.97
2013-02-03,0.97
2013-02-04,0.97
2013-02-05,0.97
2013-02-06,0.97
2013-02-07,0.97
2013-02-08,0.97
2013-02-09,0.97
2013-02-10,0.97
2013-02-11,0.97
2013-02-12,0.97
2013-02-13,0.97
2013-02-14,0.97
2013-02-15,0.97
2013-02-16,0.97
2013-02-17,0.97
2013-02-18,0.97
2013-02-19,0.97
2013-02-20,0.97
2013-02-21,0.97
2013-02-22,0.97
2013-02-23,0.97
2013-02-24,0.97
2013-02-25,0.97
2013-02-26,0.97
2013-02-27,0.97
2013-02-28,0.97
2013-03-01,0.97
2013-03-02,0.97
2013-03-03,0.97
2013-03-04,0.97
2013-03-05,0.97
2013-03-06,0.97
2013-03-07,0.97
2013-03-08,0.97
2013-03-09,0.97
2013-03-10,1.205
2013-03-11,1.44
2013-03-12,1.44
2013-03-13,1.44
2013-03-14,1.44
2013-03-15,1.44
2013-03-16,1.44
2013-03-17,1.44
2013-03-18,1.44
2013-03-19,1.44
2013-03-20,1.44
2013-03-21,1.33
2013-03-22,1.22
2013-03-23,1.38
2013-03-24,1.255
2013-03-25,1.13
2013-03-26,1.02
2013-03-27,1.07
2013-03-28,0.8
2013-03-29,0.79
2013-03-30,0.94
2013-03-31,0.865
2013-04-01,0.79
2013-04-02,0.8
2013-04-03,0.82
2013-04-04,0.79
2013-04-05,0.78
2013-04-06,0.79
2013-04-07,0.785
2013-04-08,0.78
2013-04-09,0.73
2013-04-10,0.73
2013-04-11,0.73
2013-04-12,0.73
2013-04-13,0.74
2013-04-14,0.73
2013-04-15,0.73
2013-04-16,0.73
2013-04-17,0.73
2013-04-18,0.73
2013-04-19,0.73
2013-04-20,0.73
2013-04-21,0.78
2013-04-22,0.8
2013-04-23,0.81
2013-04-24,0.76
2013-04-25,0.76
2013-04-26,0.76
2013-04-27,0.78
2013-04-28,0.8
2013-04-29,0.76
2013-04-30,0.76
2013-05-01,0.76
2013-05-02,0.87
2013-05-03,0.87
2013-05-04,0.8
2013-05-05,0.94
2013-05-06,0.92
2013-05-07,0.92
2013-05-08,0.92
2013-05-09,0.98
2013-05-10,0.98
2013-05-11,0.94
2013-05-12,1.0
2013-05-13,0.98
2013-05-14,0.98
2013-05-15,0.98
2013-05-16,1.03
2013-05-17,1.03
2013-05-18,1.0
2013-05-19,1.0
2013-05-20,1.03
2013-05-21,1.03
2013-05-22,0.98
2013-05-23,0.98
2013-05-24,0.98
2013-05-25,1.0
2013-05-26,0.9
2013-05-27,0.9
2013-05-28,0.98
2013-05-29,0.87
2013-05-30,0.87
2013-05-31,0.87
2013-06-01,0.9
2013-06-02,0.87
2013-06-03,0.88
2013-06-04,0.87
2013-06-05,0.87
2013-06-06,0.87
2013-06-07,0.87
2013-06-08,0.87
2013-06-09,0.865
2013-06-10,0.86
2013-06-11,0.86
2013-06-12,0.85
2013-06-13,0.85
2013-06-14,0.86
2013-06-15,0.86
2013-06-16,0.885
2013-06-17,0.91
2013-06-18,0.92
2013-06-19,0.97
2013-06-20,0.97
2013-06-21,0.97
2013-06-22,0.95
2013-06-23,1.01
2013-06-24,0.97
2013-06-25,0.97
2013-06-26,0.97
2013-06-27,1.08
2013-06-28,1.08
2013-06-29,1.01
2013-06-30,1.03
2013-07-01,1.08
2013-07-02,1.02
2013-07-03,1.03
2013-07-04,1.03
2013-07-05,0.98
2013-07-06,1.03
2013-07-07,0.91
2013-07-08,0.97
2013-07-09,0.97
2013-07-10,0.85
2013-07-11,0.86
2013-07-12,0.86
2013-07-13,0.91
2013-07-14,0.76
2013-07-15,0.8
2013-07-16,0.8
2013-07-17,0.75
2013-07-18,0.74
2013-07-19,0.72
2013-07-20,0.76
2013-07-21,0.7949999999999999
2013-07-22,0.83
2013-07-23,0.83
2013-07-24,0.83
2013-07-25,0.83
2013-07-26,0.83
2013-07-27,0.83
2013-07-28,0.8
2013-07-29,0.83
2013-07-30,0.83
2013-07-31,0.78
2013-08-01,0.78
2013-08-02,0.78
2013-08-03,0.8
2013-08-04,0.815
2013-08-05,0.83
2013-08-06,0.83
2013-08-07,0.94
2013-08-08,0.94
2013-08-09,0.94
2013-08-10,0.89
2013-08-11,0.9750000000000001
2013-08-12,1.06
2013-08-13,1.06
2013-08-14,1.06
2013-08-15,1.06
2013-08-16,1.17
2013-08-17,1.07
2013-08-18,1.145
2013-08-19,1.22
2013-08-20,1.22
2013-08-21,1.22
2013-08-22,1.22
2013-08-23,1.28
2013-08-24,1.23
2013-08-25,1.31
2013-08-26,1.39
2013-08-27,1.39
2013-08-28,1.39
2013-08-29,1.39
2013-08-30,1.39
2013-08-31,1.39
2013-09-01,1.395
2013-09-02,1.4
2013-09-03,1.5
2013-09-04,1.36
2013-09-05,1.36
2013-09-06,1.36
2013-09-07,1.4
2013-09-08,1.36
2013-09-09,1.36
2013-09-10,1.36
2013-09-11,1.36
2013-09-12,1.36
2013-09-13,1.33
2013-09-14,1.36
2013-09-15,1.24
2013-09-16,1.31
2013-09-17,1.31
2013-09-18,1.25
2013-09-19,1.14
2013-09-20,1.14
2013-09-21,1.24
2013-09-22,1.2
2013-09-23,1.14
2013-09-24,1.14
2013-09-25,1.25
2013-09-26,1.25
2013-09-27,1.25
2013-09-28,1.2
2013-09-29,1.225
2013-09-30,1.25
2013-10-01,1.25
2013-10-02,1.25
2013-10-03,1.25
2013-10-04,1.25
2013-10-05,1.25
2013-10-06,0.97
2013-10-07,0.97
2013-10-08,0.97
2013-10-09,0.97
2013-10-10,0.97
2013-10-11,0.97
2013-10-12,0.97
2013-10-13,1.0150000000000001
2013-10-14,1.06
2013-10-15,1.06
2013-10-16,1.06
2013-10-17,1.06
2013-10-18,1.06
2013-10-19,1.06
2013-10-20,1.1400000000000001
2013-10-21,1.22
2013-10-22,1.22
2013-10-23,1.22
2013-10-24,1.22
2013-10-25,1.22
2013-10-26,1.22
2013-10-27,1.22
2013-10-28,1.22
2013-10-29,1.11
2013-10-30,1.11
2013-10-31,1.11
2013-11-01,1.25
2013-11-02,1.17
2013-11-03,1.25
2013-11-04,1.33
2013-11-05,1.33
2013-11-06,1.56
2013-11-07,1.56
2013-11-08,1.56
2013-11-09,1.45
2013-11-10,1.505
2013-11-11,1.56
2013-11-12,1.56
2013-11-13,1.56
2013-11-14,1.56
2013-11-15,1.56
2013-11-16,1.56
2013-11-17,1.6
2013-11-18,1.64
2013-11-19,1.64
2013-11-20,1.67
2013-11-21,1.78
2013-11-22,1.78
2013-11-23,1.69
2013-11-24,1.7349999999999999
2013-11-25,1.78
2013-11-26,1.78
2013-11-27,1.56
2013-11-28,1.56
2013-11-29,1.56
2013-11-30,1.7
2013-12-01,1.685
2013-12-02,1.67
2013-12-03,1.67
2013-12-04,1.68
2013-12-05,1.78
2013-12-06,1.78
2013-12-07,1.68
2013-12-08,1.325
2013-12-09,0.97
2013-12-10,0.97
2013-12-11,0.97
2013-12-12,0.97
2013-12-13,0.97
2013-12-14,0.97
2013-12-15,0.97
2013-12-16,0.97
2013-12-17,0.97
2013-12-18,0.97
2013-12-19,0.97
2013-12-20,0.97
2013-12-21,0.97
2013-12-22,0.97
2013-12-23,0.97
2013-12-24,0.97
2013-12-25,0.97
2013-12-26,0.97
2013-12-27,0.97
2013-12-28,0.97
2013-12-29,0.9754285714285714
2013-12-30,0.9808571428571429
2013-12-31,0.9862857142857142
2014-01-01,0.9917142857142857
2014-01-02,0.9971428571428571
2014-01-03,1.0025714285714284
2014-01-04,1.008
2014-01-05,1.0134285714285713
2014-01-06,1.018857142857143
2014-01-07,1.0242857142857142
2014-01-08,1.0297142857142856
2014-01-09,1.0351428571428571
2014-01-10,1.0405714285714285
2014-01-11,1.046
2014-01-12,1.0514285714285714
2014-01-13,1.0568571428571427
2014-01-14,1.0622857142857143
2014-01-15,1.0677142857142856
2014-01-16,1.0731428571428572
2014-01-17,1.0785714285714285
2014-01-18,1.0839999999999999
2014-01-19,1.0894285714285714
2014-01-20,1.0948571428571428
2014-01-21,1.100285714285714
2014-01-22,1.1057142857142856
2014-01-23,1.111142857142857
2014-01-24,1.1165714285714285
2014-01-25,1.1219999999999999
2014-01-26,1.1274285714285712
2014-01-27,1.1328571428571428
2014-01-28,1.1382857142857141
2014-01-29,1.1437142857142857
2014-01-30,1.149142857142857
2014-01-31,1.1545714285714284
2014-02-01,1.16
2014-02-02,1.16
2014-02-03,1.16
2014-02-04,1.16
2014-02-05,1.16
2014-02-06,1.16
2014-02-07,1.16
2014-02-08,1.16
2014-02-09,1.16
2014-02-10,1.16
2014-02-11,1.16
2014-02-12,1.16
2014-02-13,1.16
2014-02-14,1.16
2014-02-15,1.16
2014-02-16,1.16
2014-02-17,1.16
2014-02-18,1.16
2014-02-19,1.16
2014-02-20,1.16
2014-02-21,1.16
2014-02-22,1.16
2014-02-23,1.08
2014-02-24,1.0
2014-02-25,1.0
2014-02-26,1.0
2014-02-27,1.0
2014-02-28,1.0
2014-03-01,1.0
2014-03-02,1.0
2014-03-03,1.0
2014-03-04,1.0
2014-03-05,1.17
2014-03-06,1.17
2014-03-07,1.17
2014-03-08,1.15
2014-03-09,1.105
2014-03-10,1.06
2014-03-11,1.06
2014-03-12,1.06
2014-03-13,1.06
2014-03-14,1.06
2014-03-15,1.06
2014-03-16,1.06
2014-03-17,1.06
2014-03-18,1.06
2014-03-19,1.06
2014-03-20,1.06
2014-03-21,1.06
2014-03-22,1.06
2014-03-23,1.065
2014-03-24,1.07
2014-03-25,0.95
2014-03-26,0.91
2014-03-27,0.79
2014-03-28,0.8
2014-03-29,0.91
2014-03-30,0.85
2014-03-31,0.8
2014-04-01,0.8
2014-04-02,0.81
2014-04-03,0.9
2014-04-04,0.96
2014-04-05,0.85
2014-04-06,0.96
2014-04-07,1.07
2014-04-08,1.07
2014-04-09,1.13
2014-04-10,1.17
2014-04-11,1.19
2014-04-12,1.12
2014-04-13,1.15
2014-04-14,1.18
2014-04-15,1.19
2014-04-16,1.14
2014-04-17,1.08
2014-04-18,1.08
2014-04-19,1.13
2014-04-20,1.105
2014-04-21,1.08
2014-04-22,1.03
2014-04-23,0.97
2014-04-24,0.97
2014-04-25,0.97
2014-04-26,1.01
2014-04-27,1.045
2014-04-28,1.08
2014-04-29,1.18
2014-04-30,1.19
2014-05-01,1.18
2014-05-02,1.19
2014-05-03,1.16
2014-05-04,1.19
2014-05-05,1.19
2014-05-06,1.19
2014-05-07,1.19
2014-05-08,1.19
2014-05-09,1.19
2014-05-10,1.19
2014-05-11,1.11
2014-05-12,1.19
2014-05-13,1.08
2014-05-14,1.08
2014-05-15,1.08
2014-05-16,1.09
2014-05-17,1.11
2014-05-18,1.0950000000000002
2014-05-19,1.08
2014-05-20,1.08
2014-05-21,0.98
2014-05-22,0.97
2014-05-23,0.97
2014-05-24,1.02
2014-05-25,0.8
2014-05-26,0.8
2014-05-27,0.87
2014-05-28,0.76
2014-05-29,0.75
2014-05-30,0.76
2014-05-31,0.8
2014-06-01,0.78
2014-06-02,0.76
2014-06-03,0.74
2014-06-04,0.74
2014-06-05,0.73
2014-06-06,0.84
2014-06-07,0.76
2014-06-08,0.91
2014-06-09,0.89
2014-06-10,0.9
2014-06-11,0.89
2014-06-12,0.95
2014-06-13,0.95
2014-06-14,0.91
2014-06-15,0.9550000000000001
2014-06-16,1.0
2014-06-17,1.0
2014-06-18,1.0
2014-06-19,1.06
2014-06-20,1.06
2014-06-21,1.02
2014-06-22,1.06
2014-06-23,1.06
2014-06-24,1.06
2014-06-25,1.06
2014-06-26,1.06
2014-06-27,1.06
2014-06-28,1.06
2014-06-29,1.06
2014-06-30,1.06
2014-07-01,1.06
2014-07-02,1.01
2014-07-03,1.01
2014-07-04,1.04
2014-07-05,1.04
2014-07-06,1.025
2014-07-07,1.01
2014-07-08,0.95
2014-07-09,0.95
2014-07-10,0.95
2014-07-11,0.96
2014-07-12,0.96
2014-07-13,0.955
2014-07-14,0.95
2014-07-15,0.96
2014-07-16,0.96
2014-07-17,0.96
2014-07-18,0.95
2014-07-19,0.95
2014-07-20,0.88
2014-07-21,0.96
2014-07-22,0.85
2014-07-23,0.86
2014-07-24,0.85
2014-07-25,0.85
2014-07-26,0.88
2014-07-27,0.865
2014-07-28,0.85
2014-07-29,0.84
2014-07-30,0.86
2014-07-31,0.85
2014-08-01,0.85
2014-08-02,0.85
2014-08-03,0.85
2014-08-04,0.85
2014-08-05,0.85
2014-08-06,0.85
2014-08-07,0.85
2014-08-08,0.85
2014-08-09,0.85
2014-08-10,0.905
2014-08-11,0.96
2014-08-12,0.96
2014-08-13,0.96
2014-08-14,0.96
2014-08-15,0.96
2014-08-16,0.96
2014-08-17,1.0150000000000001
2014-08-18,1.07
2014-08-19,1.07
2014-08-20,1.08
2014-08-21,1.31
2014-08-22,1.32
2014-08-23,1.16
2014-08-24,1.2799999999999998
2014-08-25,1.4
2014-08-26,1.41
2014-08-27,1.46
2014-08-28,1.45
2014-08-29,1.47
2014-08-30,1.44
2014-08-31,1.5499999999999998
2014-09-01,1.66
2014-09-02,1.57
2014-09-03,1.58
2014-09-04,1.69
2014-09-05,1.79
2014-09-06,1.66
2014-09-07,1.7349999999999999
2014-09-08,1.81
2014-09-09,1.81
2014-09-10,1.8
2014-09-11,1.82
2014-09-12,1.97
2014-09-13,1.84
2014-09-14,1.885
2014-09-15,1.93
2014-09-16,1.92
2014-09-17,1.93
2014-09-18,1.88
2014-09-19,1.87
2014-09-20,1.91
2014-09-21,1.67
2014-09-22,1.88
2014-09-23,1.71
2014-09-24,1.71
2014-09-25,1.52
2014-09-26,1.5
2014-09-27,1.67
2014-09-28,1.5
2014-09-29,1.52
2014-09-30,1.51
2014-10-01,1.47
2014-10-02,1.48
2014-10-03,1.5
2014-10-04,1.5
2014-10-05,1.55
2014-10-06,1.55
2014-10-07,1.51
2014-10-08,1.65
2014-10-09,1.55
2014-10-10,1.52
2014-10-11,1.55
2014-10-12,1.48
2014-10-13,1.41
2014-10-14,1.41
2014-10-15,1.4
2014-10-16,1.41
2014-10-17,1.42
2014-10-18,1.41
2014-10-19,1.4049999999999998
2014-10-20,1.4
2014-10-21,1.42
2014-10-22,1.42
2014-10-23,1.4
2014-10-24,1.4
2014-10-25,1.41
2014-10-26,1.33
2014-10-27,1.12
2014-10-28,1.32
2014-10-29,1.26
2014-10-30,1.5
2014-10-31,1.52
2014-11-01,1.33
2014-11-02,1.5
2014-11-03,1.67
2014-11-04,1.89
2014-11-05,1.89
2014-11-06,2.11
2014-11-07,2.11
2014-11-08,1.96
2014-11-09,2.09
2014-11-10,2.22
2014-11-11,2.37
2014-11-12,2.44
2014-11-13,2.44
2014-11-14,2.44
2014-11-15,2.37
2014-11-16,2.52
2014-11-17,2.67
2014-11-18,2.67
2014-11-19,2.67
2014-11-20,2.67
2014-11-21,2.67
2014-11-22,2.67
2014-11-23,2.67
2014-11-24,2.67
2014-11-25,2.78
2014-11-26,2.78
2014-11-27,2.78
2014-11-28,2.78
2014-11-29,2.74
2014-11-30,2.76
2014-12-01,2.78
2014-12-02,2.9
2014-12-03,2.9
2014-12-04,3.0
2014-12-05,3.0
2014-12-06,2.9
2014-12-07,2.95
2014-12-08,3.0
2014-12-09,3.0
2014-12-10,2.89
2014-12-11,2.89
2014-12-12,2.89
2014-12-13,2.96
2014-12-14,2.925
2014-12-15,2.89
2014-12-16,2.89
2014-12-17,2.89
2014-12-18,2.89
2014-12-19,2.89
2014-12-20,2.89
2014-12-21,2.025
2014-12-22,1.16
2014-12-23,1.16
2014-12-24,1.16
2014-12-25,1.16
2014-12-26,1.16
2014-12-27,1.16
2014-12-28,1.16
2014-12-29,1.16
2014-12-30,1.16
2014-12-31,1.16
2015-01-01,1.18
2015-01-02,1.2
2015-01-03,1.2
2015-01-04,1.2
2015-01-05,1.2
2015-01-06,1.2
2015-01-07,1.2
2015-01-08,1.2
2015-01-09,1.2
2015-01-10,1.2
2015-01-11,1.2
2015-01-12,1.2
2015-01-13,1.2
2015-01-14,1.2
2015-01-15,1.2
2015-01-16,1.2
2015-01-17,1.2
2015-01-18,1.2
2015-01-19,1.2
2015-01-20,1.2
2015-01-21,1.2
2015-01-22,1.2
2015-01-23,1.2
2015-01-24,1.2
2015-01-25,1.2
2015-01-26,1.2
2015-01-27,1.2
2015-01-28,1.2
2015-01-29,1.2
2015-01-30,1.2
2015-01-31,1.2
2015-02-01,1.2
2015-02-02,1.2
2015-02-03,1.2
2015-02-04,1.2
2015-02-05,1.2
2015-02-06,1.2
2015-02-07,1.2
2015-02-08,1.2
2015-02-09,1.2
2015-02-10,1.2
2015-02-11,1.2
2015-02-12,1.2
2015-02-13,1.2
2015-02-14,1.2
2015-02-15,1.2
2015-02-16,1.2
2015-02-17,1.2
2015-02-18,1.2
2015-02-19,1.2
2015-02-20,1.2
2015-02-21,1.2
2015-02-22,1.1
2015-02-23,1.0
2015-02-24,1.0
2015-02-25,1.0
2015-02-26,1.0
2015-02-27,1.0
2015-02-28,1.0
2015-03-01,1.0
2015-03-02,1.0
2015-03-03,1.0
2015-03-04,0.94
2015-03-05,0.94
2015-03-06,0.94
2015-03-07,0.97
2015-03-08,0.955
2015-03-09,0.94
2015-03-10,0.94
2015-03-11,0.89
2015-03-12,0.83
2015-03-13,0.78
2015-03-14,0.88
2015-03-15,0.8300000000000001
2015-03-16,0.78
2015-03-17,0.73
2015-03-18,0.74
2015-03-19,0.73
2015-03-20,0.73
2015-03-21,0.74
2015-03-22,0.79
2015-03-23,0.84
2015-03-24,0.84
2015-03-25,0.85
2015-03-26,0.85
2015-03-27,0.85
2015-03-28,0.85
2015-03-29,0.98
2015-03-30,0.97
2015-03-31,0.96
2015-04-01,0.97
2015-04-02,0.98
2015-04-03,1.02
2015-04-04,0.98
2015-04-05,1.025
2015-04-06,1.07
2015-04-07,1.08
2015-04-08,1.08
2015-04-09,1.08
2015-04-10,1.13
2015-04-11,1.09
2015-04-12,1.08
2015-04-13,1.07
2015-04-14,1.13
2015-04-15,1.19
2015-04-16,1.18
2015-04-17,1.18
2015-04-18,1.15
2015-04-19,1.36
2015-04-20,1.24
2015-04-21,1.24
2015-04-22,1.46
2015-04-23,1.46
2015-04-24,1.46
2015-04-25,1.36
2015-04-26,1.46
2015-04-27,1.46
2015-04-28,1.46
2015-04-29,1.46
2015-04-30,1.47
2015-05-01,1.46
2015-05-02,1.46
2015-05-03,1.46
2015-05-04,1.46
2015-05-05,1.46
2015-05-06,1.46
2015-05-07,1.46
2015-05-08,1.45
2015-05-09,1.46
2015-05-10,1.455
2015-05-11,1.45
2015-05-12,1.45
2015-05-13,1.45
2015-05-14,1.46
2015-05-15,1.23
2015-05-16,1.42
2015-05-17,1.245
2015-05-18,1.07
2015-05-19,1.01
2015-05-20,0.81
2015-05-21,0.81
2015-05-22,0.81
2015-05-23,0.92
2015-05-24,0.8600000000000001
2015-05-25,0.8
2015-05-26,0.78
2015-05-27,0.8
2015-05-28,0.79
2015-05-29,0.85
2015-05-30,0.8
2015-05-31,0.825
2015-06-01,0.85
2015-06-02,0.9
2015-06-03,0.86
2015-06-04,0.86
2015-06-05,0.86
2015-06-06,0.87
2015-06-07,0.96
2015-06-08,0.96
2015-06-09,0.96
2015-06-10,0.95
2015-06-11,0.96
2015-06-12,0.95
2015-06-13,0.96
2015-06-14,0.95
2015-06-15,0.95
2015-06-16,0.95
2015-06-17,0.95
2015-06-18,0.95
2015-06-19,0.95
2015-06-20,0.95
2015-06-21,0.95
2015-06-22,0.95
2015-06-23,0.95
2015-06-24,0.95
2015-06-25,0.95
2015-06-26,0.95
2015-06-27,0.95
2015-06-28,0.955
2015-06-29,0.96
2015-06-30,0.96
2015-07-01,0.95
2015-07-02,0.9
2015-07-03,0.95
2015-07-04,0.95
2015-07-05,0.925
2015-07-06,0.9
2015-07-07,0.9
2015-07-08,0.91
2015-07-09,0.89
2015-07-10,0.89
2015-07-11,0.9
2015-07-12,0.9
2015-07-13,0.91
2015-07-14,0.9
2015-07-15,0.9
2015-07-16,0.9
2015-07-17,0.9
2015-07-18,0.9
2015-07-19,0.98
2015-07-20,1.06
2015-07-21,1.06
2015-07-22,1.06
2015-07-23,1.06
2015-07-24,1.06
2015-07-25,1.06
2015-07-26,1.085
2015-07-27,1.11
2015-07-28,1.11
2015-07-29,1.11
2015-07-30,1.11
2015-07-31,1.11
2015-08-01,1.11
2015-08-02,1.23
2015-08-03,1.22
2015-08-04,1.22
2015-08-05,1.22
2015-08-06,1.22
2015-08-07,1.28
2015-08-08,1.23
2015-08-09,1.67
2015-08-10,1.67
2015-08-11,1.67
2015-08-12,1.67
2015-08-13,1.67
2015-08-14,1.67
2015-08-15,1.67
2015-08-16,1.67
2015-08-17,1.68
2015-08-18,1.68
2015-08-19,1.68
2015-08-20,1.68
2015-08-21,1.63
2015-08-22,1.67
2015-08-23,1.47
2015-08-24,1.47
2015-08-25,1.46
2015-08-26,1.47
2015-08-27,1.47
2015-08-28,1.47
2015-08-29,1.47
2015-08-30,1.29
2015-08-31,1.28
2015-09-01,1.29
2015-09-02,1.31
2015-09-03,1.27
2015-09-04,1.28
2015-09-05,1.29
2015-09-06,1.3
2015-09-07,1.3
2015-09-08,1.3
2015-09-09,1.28
2015-09-10,1.28
2015-09-11,1.32
2015-09-12,1.3
2015-09-13,1.29
2015-09-14,1.3
2015-09-15,1.28
2015-09-16,1.27
2015-09-17,1.29
2015-09-18,1.31
2015-09-19,1.29
2015-09-20,1.22
2015-09-21,1.29
2015-09-22,1.09
2015-09-23,1.18
2015-09-24,1.29
2015-09-25,1.29
2015-09-26,1.22
2015-09-27,1.28
2015-09-28,1.28
2015-09-29,1.29
2015-09-30,1.29
2015-10-01,1.28
2015-10-02,1.28
2015-10-03,1.28
2015-10-04,1.3900000000000001
2015-10-05,1.5
2015-10-06,1.49
2015-10-07,1.5
2015-10-08,1.51
2015-10-09,1.51
2015-10-10,1.5
2015-10-11,1.65
2015-10-12,1.65
2015-10-13,1.62
2015-10-14,1.59
2015-10-15,1.7
2015-10-16,1.7
2015-10-17,1.65
2015-10-18,1.6749999999999998
2015-10-19,1.7
2015-10-20,1.69
2015-10-21,1.68
2015-10-22,1.69
2015-10-23,1.69
2015-10-24,1.69
2015-10-25,1.805
2015-10-26,1.92
2015-10-27,1.95
2015-10-28,1.96
2015-10-29,1.94
2015-10-30,2.07
2015-10-31,1.97
2015-11-01,2.25
2015-11-02,2.18
2015-11-03,2.19
2015-11-04,2.2
2015-11-05,2.37
2015-11-06,2.35
2015-11-07,2.25
2015-11-08,2.4450000000000003
2015-11-09,2.64
2015-11-10,2.6
2015-11-11,2.71
2015-11-12,2.84
2015-11-13,2.84
2015-11-14,2.71
2015-11-15,2.95
2015-11-16,3.19
2015-11-17,3.18
2015-11-18,3.16
2015-11-19,3.18
2015-11-20,3.15
2015-11-21,3.17
2015-11-22,3.17
2015-11-23,3.17
2015-11-24,3.18
2015-11-25,3.26
2015-11-26,3.215
2015-11-27,3.17
2015-11-28,3.19
2015-11-29,3.1950000000000003
2015-11-30,3.2
2015-12-01,2.92
2015-12-02,2.86
2015-12-03,2.94
2015-12-04,2.38
2015-12-05,2.9
2015-12-06,2.615
2015-12-07,2.33
2015-12-08,2.22
2015-12-09,1.67
2015-12-10,1.67
2015-12-11,1.67
2015-12-12,1.94
2015-12-13,1.69
2015-12-14,1.44
2015-12-15,1.44
2015-12-16,1.44
2015-12-17,1.44
2015-12-18,1.44
2015-12-19,1.44
2015-12-20,1.3199999999999998
2015-12-21,1.2
2015-12-22,1.2
2015-12-23,1.2
2015-12-24,1.2
2015-12-25,1.2
2015-12-26,1.2
2015-12-27,1.2
2015-12-28,1.2
2015-12-29,1.2
2015-12-30,1.2
2015-12-31,1.2
2016-01-01,1.17
2016-01-02,1.14
2016-01-03,1.14
2016-01-04,1.14
2016-01-05,1.14
2016-01-06,1.14
2016-01-07,1.14
2016-01-08,1.14
2016-01-09,1.14
2016-01-10,1.14
2016-01-11,1.14
2016-01-12,1.14
2016-01-13,1.14
2016-01-14,1.14
2016-01-15,1.14
2016-01-16,1.14
2016-01-17,1.14
2016-01-18,1.14
2016-01-19,1.14
2016-01-20,1.14
2016-01-21,1.14
2016-01-22,1.14
2016-01-23,1.14
2016-01-24,1.14
2016-01-25,1.14
2016-01-26,1.14
2016-01-27,1.14
2016-01-28,1.14
2016-01-29,1.14
2016-01-30,1.14
2016-01-31,1.14
2016-02-01,1.14
2016-02-02,1.14
2016-02-03,1.14
2016-02-04,1.14
2016-02-05,1.14
2016-02-06,1.14
2016-02-07,1.14
2016-02-08,1.14
2016-02-09,1.14
2016-02-10,1.14
2016-02-11,1.14
2016-02-12,1.14
2016-02-13,1.14
2016-02-14,1.14
2016-02-15,1.14
2016-02-16,1.14
2016-02-17,1.14
2016-02-18,1.14
2016-02-19,1.14
2016-02-20,1.14
2016-02-21,1.325
2016-02-22,1.51
2016-02-23,1.51
2016-02-24,1.56
2016-02-25,1.56
2016-02-26,1.44
2016-02-27,1.51
2016-02-28,1.31
2016-02-29,1.11
2016-03-01,1.0
2016-03-02,0.89
2016-03-03,0.83
2016-03-04,0.83
2016-03-05,0.95
2016-03-06,0.8899999999999999
2016-03-07,0.83
2016-03-08,1.0
2016-03-09,1.0
2016-03-10,1.0
2016-03-11,1.0
2016-03-12,1.0
2016-03-13,1.03
2016-03-14,1.06
2016-03-15,1.06
2016-03-16,1.0
2016-03-17,1.06
2016-03-18,1.17
2016-03-19,1.08
2016-03-20,1.16
2016-03-21,1.22
2016-03-22,1.22
2016-03-23,1.11
2016-03-24,1.11
2016-03-25,1.11
2016-03-26,1.16
2016-03-27,1.1400000000000001
2016-03-28,1.12
2016-03-29,1.12
2016-03-30,1.08
2016-03-31,1.07
2016-04-01,1.12
2016-04-02,1.11
2016-04-03,1.175
2016-04-04,1.24
2016-04-05,1.24
2016-04-06,1.23
2016-04-07,1.23
2016-04-08,1.24
2016-04-09,1.24
2016-04-10,1.3199999999999998
2016-04-11,1.4
2016-04-12,1.39
2016-04-13,1.39
2016-04-14,1.39
2016-04-15,1.39
2016-04-16,1.39
2016-04-17,1.42
2016-04-18,1.45
2016-04-19,1.45
2016-04-20,1.45
2016-04-21,1.45
2016-04-22,1.45
2016-04-23,1.45
2016-04-24,1.45
2016-04-25,1.45
2016-04-26,1.45
2016-04-27,1.45
2016-04-28,1.46
2016-04-29,1.45
2016-04-30,1.45
2016-05-01,1.33
2016-05-02,1.67
2016-05-03,1.45
2016-05-04,1.24
2016-05-05,1.13
2016-05-06,1.01
2016-05-07,1.33
2016-05-08,1.17
2016-05-09,1.01
2016-05-10,0.95
2016-05-11,0.85
2016-05-12,0.86
2016-05-13,0.85
2016-05-14,0.91
2016-05-15,0.93
2016-05-16,0.9
2016-05-17,0.9
2016-05-18,0.93
2016-05-19,0.96
2016-05-20,0.96
2016-05-21,0.93
2016-05-22,1.01
2016-05-23,1.02
2016-05-24,1.01
2016-05-25,1.02
2016-05-26,1.01
2016-05-27,1.02
2016-05-28,1.01
2016-05-29,0.96
2016-05-30,0.96
2016-05-31,0.96
2016-06-01,0.96
2016-06-02,0.97
2016-06-03,0.96
2016-06-04,0.96
2016-06-05,0.98
2016-06-06,0.96
2016-06-07,0.96
2016-06-08,0.95
2016-06-09,1.01
2016-06-10,1.01
2016-06-11,0.98
2016-06-12,0.98
2016-06-13,1.07
2016-06-14,1.01
2016-06-15,0.96
2016-06-16,0.9
2016-06-17,0.9
2016-06-18,0.98
2016-06-19,0.85
2016-06-20,0.85
2016-06-21,0.84
2016-06-22,0.85
2016-06-23,0.85
2016-06-24,0.85
2016-06-25,0.85
2016-06-26,0.84
2016-06-27,0.85
2016-06-28,0.85
2016-06-29,0.83
2016-06-30,0.83
2016-07-01,0.83
2016-07-02,0.84
2016-07-03,0.83
2016-07-04,0.83
2016-07-05,0.83
2016-07-06,0.83
2016-07-07,0.83
2016-07-08,0.83
2016-07-09,0.83
2016-07-10,0.83
2016-07-11,0.83
2016-07-12,0.83
2016-07-13,0.83
2016-07-14,0.83
2016-07-15,0.83
2016-07-16,0.83
2016-07-17,0.93
2016-07-18,0.89
2016-07-19,0.94
2016-07-20,0.94
2016-07-21,0.94
2016-07-22,0.94
2016-07-23,0.93
2016-07-24,0.9950000000000001
2016-07-25,1.06
2016-07-26,1.06
2016-07-27,1.0
2016-07-28,0.94
2016-07-29,0.94
2016-07-30,1.0
2016-07-31,0.97
2016-08-01,0.94
2016-08-02,0.94
2016-08-03,1.0
2016-08-04,1.0
2016-08-05,1.0
2016-08-06,0.97
2016-08-07,1.04
2016-08-08,1.11
2016-08-09,1.09
2016-08-10,1.18
2016-08-11,1.18
2016-08-12,1.26
2016-08-13,1.16
2016-08-14,1.225
2016-08-15,1.29
2016-08-16,1.3
2016-08-17,1.35
2016-08-18,1.34
2016-08-19,1.36
2016-08-20,1.33
2016-08-21,1.3450000000000002
2016-08-22,1.36
2016-08-23,1.37
2016-08-24,1.16
2016-08-25,1.12
2016-08-26,1.13
2016-08-27,1.24
2016-08-28,0.92
2016-08-29,0.96
2016-08-30,0.91
2016-08-31,0.91
2016-09-01,0.91
2016-09-02,0.9
2016-09-03,0.92
2016-09-04,0.87
2016-09-05,0.87
2016-09-06,0.91
2016-09-07,0.85
2016-09-08,0.85
2016-09-09,0.85
2016-09-10,0.87
2016-09-11,0.85
2016-09-12,0.85
2016-09-13,0.85
2016-09-14,0.84
2016-09-15,0.84
2016-09-16,0.84
2016-09-17,0.85
2016-09-18,0.84
2016-09-19,0.84
2016-09-20,0.85
2016-09-21,0.84
2016-09-22,0.85
2016-09-23,0.85
2016-09-24,0.84
2016-09-25,0.94
2016-09-26,0.84
2016-09-27,0.85
2016-09-28,0.97
2016-09-29,0.96
2016-09-30,1.06
2016-10-01,0.94
2016-10-02,1.01
2016-10-03,1.08
2016-10-04,1.08
2016-10-05,1.03
2016-10-06,1.03
2016-10-07,1.04
2016-10-08,1.05
2016-10-09,0.91
2016-10-10,0.91
2016-10-11,0.98
2016-10-12,0.89
2016-10-13,0.87
2016-10-14,0.87
2016-10-15,0.91
2016-10-16,0.92
2016-10-17,0.93
2016-10-18,1.07
2016-10-19,1.0
2016-10-20,1.15
2016-10-21,1.15
2016-10-22,1.06
2016-10-23,1.2650000000000001
2016-10-24,1.47
2016-10-25,1.8
2016-10-26,1.8
2016-10-27,2.13
2016-10-28,2.16
2016-10-29,1.82
2016-10-30,2.48
2016-10-31,2.27
2016-11-01,2.28
2016-11-02,2.49
2016-11-03,2.59
2016-11-04,2.69
2016-11-05,2.48
2016-11-06,2.665
2016-11-07,2.85
2016-11-08,2.85
2016-11-09,2.61
2016-11-10,2.6
2016-11-11,2.73
2016-11-12,2.73
2016-11-13,2.685
2016-11-14,2.64
2016-11-15,2.53
2016-11-16,2.52
2016-11-17,2.43
2016-11-18,2.42
2016-11-19,2.52
2016-11-20,2.46
2016-11-21,2.4
2016-11-22,2.3
2016-11-23,2.22
2016-11-24,2.27
2016-11-25,2.23
2016-11-26,2.27
2016-11-27,2.325
2016-11-28,2.38
2016-11-29,2.24
2016-11-30,2.25
2016-12-01,2.25
2016-12-02,2.26
2016-12-03,2.28
2016-12-04,2.375
2016-12-05,2.47
2016-12-06,2.01
2016-12-07,2.02
2016-12-08,1.88
2016-12-09,1.75
2016-12-10,2.08
2016-12-11,1.9849999999999999
2016-12-12,1.89
2016-12-13,1.69
2016-12-14,1.63
2016-12-15,1.56
2016-12-16,1.33
2016-12-17,1.7
2016-12-18,1.42
2016-12-19,1.14
2016-12-20,1.14
2016-12-21,1.14
2016-12-22,1.14
2016-12-23,1.14
2016-12-24,1.14
2016-12-25,1.14
2016-12-26,1.14
2016-12-27,1.14
2016-12-28,1.14
2016-12-29,1.14
2016-12-30,1.14
2016-12-31,1.12875
2017-01-01,1.1175
2017-01-02,1.10625
2017-01-03,1.095
2017-01-04,1.08375
2017-01-05,1.0725
2017-01-06,1.06125
2017-01-07,1.05
2017-01-08,1.05
2017-01-09,1.05
2017-01-10,1.05
2017-01-11,1.05
2017-01-12,1.05
2017-01-13,1.05
2017-01-14,1.05
2017-01-15,1.05
2017-01-16,1.05
2017-01-17,1.05
2017-01-18,1.05
2017-01-19,1.05
2017-01-20,1.05
2017-01-21,1.05
2017-01-22,1.05
2017-01-23,1.05
2017-01-24,1.05
2017-01-25,1.05
2017-01-26,1.05
2017-01-27,1.05
2017-01-28,1.05
2017-01-29,1.05
2017-01-30,1.05
2017-01-31,1.05
2017-02-01,1.05
2017-02-02,1.05
2017-02-03,1.05
2017-02-04,1.05
2017-02-05,1.05
2017-02-06,1.05
2017-02-07,1.05
2017-02-08,1.05
2017-02-09,1.05
2017-02-10,1.05
2017-02-11,1.05
2017-02-12,1.05
2017-02-13,1.05
2017-02-14,1.05
2017-02-15,1.05
2017-02-16,1.05
2017-02-17,1.05
2017-02-18,1.05
2017-02-19,1.05
2017-02-20,1.05
2017-02-21,1.05
2017-02-22,1.05
2017-02-23,1.05
2017-02-24,1.05
2017-02-25,1.05
2017-02-26,1.05
2017-02-27,1.05
2017-02-28,1.05
2017-03-01,1.05
2017-03-02,1.05
2017-03-03,1.05
2017-03-04,1.05
2017-03-05,1.05
2017-03-06,1.05
2017-03-07,1.05
2017-03-08,1.05
2017-03-09,1.05
2017-03-10,1.05
2017-03-11,1.05
2017-03-12,1.3050000000000002
2017-03-13,1.56
2017-03-14,1.56
2017-03-15,1.44
2017-03-16,1.44
2017-03-17,1.44
2017-03-18,1.48
2017-03-19,1.44
2017-03-20,1.44
2017-03-21,1.44
2017-03-22,1.44
2017-03-23,1.44
2017-03-24,1.44
2017-03-25,1.44
2017-03-26,1.4449999999999998
2017-03-27,1.45
2017-03-28,1.34
2017-03-29,1.34
2017-03-30,1.34
2017-03-31,1.34
2017-04-01,1.36
2017-04-02,1.355
2017-04-03,1.35
2017-04-04,1.35
2017-04-05,1.36
2017-04-06,1.35
2017-04-07,1.36
2017-04-08,1.35
2017-04-09,1.2
2017-04-10,1.34
2017-04-11,1.34
2017-04-12,1.25
2017-04-13,1.02
2017-04-14,1.02
2017-04-15,1.2
2017-04-16,1.015
2017-04-17,0.83
2017-04-18,0.89
2017-04-19,0.88
2017-04-20,0.87
2017-04-21,0.92
2017-04-22,0.87
2017-04-23,0.86
2017-04-24,0.97
2017-04-25,0.87
2017-04-26,0.85
2017-04-27,0.8
2017-04-28,0.81
2017-04-29,0.86
2017-04-30,0.78
2017-05-01,0.81
2017-05-02,0.76
2017-05-03,0.75
2017-05-04,0.74
2017-05-05,0.85
2017-05-06,0.78
2017-05-07,0.86
2017-05-08,0.86
2017-05-09,0.86
2017-05-10,0.86
2017-05-11,0.86
2017-05-12,0.87
2017-05-13,0.86
2017-05-14,0.86
2017-05-15,0.86
2017-05-16,0.75
2017-05-17,0.74
2017-05-18,0.75
2017-05-19,0.75
2017-05-20,0.77
2017-05-21,0.8
2017-05-22,0.83
2017-05-23,0.85
2017-05-24,0.91
2017-05-25,0.91
2017-05-26,0.91
2017-05-27,0.88
2017-05-28,0.86
2017-05-29,0.86
2017-05-30,0.86
2017-05-31,0.86
2017-06-01,0.85
2017-06-02,0.85
2017-06-03,0.86
2017-06-04,0.855
2017-06-05,0.85
2017-06-06,0.86
2017-06-07,0.85
2017-06-08,0.85
2017-06-09,0.85
2017-06-10,0.85
2017-06-11,0.93
2017-06-12,0.9
2017-06-13,0.91
2017-06-14,0.96
2017-06-15,0.96
2017-06-16,0.96
2017-06-17,0.93
2017-06-18,1.07
2017-06-19,1.07
2017-06-20,1.08
2017-06-21,1.07
2017-06-22,1.08
2017-06-23,1.07
2017-06-24,1.07
2017-06-25,1.07
2017-06-26,1.07
2017-06-27,1.07
2017-06-28,1.07
2017-06-29,1.07
2017-06-30,1.09
2017-07-01,1.07
2017-07-02,1.0750000000000002
2017-07-03,1.08
2017-07-04,1.0
2017-07-05,1.08
2017-07-06,0.92
2017-07-07,0.92
2017-07-08,1.0
2017-07-09,0.8
2017-07-10,0.91
2017-07-11,0.85
2017-07-12,0.74
2017-07-13,0.75
2017-07-14,0.74
2017-07-15,0.8
2017-07-16,0.72
2017-07-17,0.74
2017-07-18,0.75
2017-07-19,0.69
2017-07-20,0.68
2017-07-21,0.71
2017-07-22,0.72
2017-07-23,0.7
2017-07-24,0.74
2017-07-25,0.69
2017-07-26,0.68
2017-07-27,0.68
2017-07-28,0.69
2017-07-29,0.7
2017-07-30,0.75
2017-07-31,0.68
2017-08-01,0.74
2017-08-02,0.74
2017-08-03,0.79
2017-08-04,0.79
2017-08-05,0.75
2017-08-06,0.79
2017-08-07,0.79
2017-08-08,0.79
2017-08-09,0.79
2017-08-10,0.8
2017-08-11,0.79
2017-08-12,0.79
2017-08-13,0.84
2017-08-14,0.8
2017-08-15,0.79
2017-08-16,0.85
2017-08-17,0.9
2017-08-18,0.91
2017-08-19,0.84
2017-08-20,1.01
2017-08-21,1.01
2017-08-22,1.01
2017-08-23,1.01
2017-08-24,1.01
2017-08-25,1.01
2017-08-26,1.01
2017-08-27,1.13
2017-08-28,1.13
2017-08-29,1.13
2017-08-30,1.12
2017-08-31,1.12
2017-09-01,1.13
2017-09-02,1.13
2017-09-03,1.21
2017-09-04,1.21
2017-09-05,1.13
2017-09-06,1.22
2017-09-07,1.22
2017-09-08,1.23
2017-09-09,1.21
2017-09-10,1.22
2017-09-11,1.22
2017-09-12,1.24
2017-09-13,1.23
2017-09-14,1.22
2017-09-15,1.22
2017-09-16,1.22
2017-09-17,1.19
2017-09-18,1.28
2017-09-19,1.24
2017-09-20,1.16
2017-09-21,1.16
2017-09-22,1.05
2017-09-23,1.19
2017-09-24,1.14
2017-09-25,1.1
2017-09-26,1.13
2017-09-27,1.09
2017-09-28,1.19
2017-09-29,1.18
2017-09-30,1.14
2017-10-01,1.15
2017-10-02,1.23
2017-10-03,1.22
2017-10-04,1.16
2017-10-05,1.04
2017-10-06,1.04
2017-10-07,1.15
2017-10-08,1.095
2017-10-09,1.04
2017-10-10,1.04
2017-10-11,1.02
2017-10-12,1.04
2017-10-13,1.05
2017-10-14,1.04
2017-10-15,1.08
2017-10-16,1.09
2017-10-17,1.1
2017-10-18,1.08
2017-10-19,1.06
2017-10-20,1.03
2017-10-21,1.08
2017-10-22,1.14
2017-10-23,1.11
2017-10-24,1.09
2017-10-25,1.13
2017-10-26,1.25
2017-10-27,1.15
2017-10-28,1.14
2017-10-29,1.285
2017-10-30,1.43
2017-10-31,1.48
2017-11-01,1.54
2017-11-02,1.51
2017-11-03,1.57
2017-11-04,1.5
2017-11-05,1.5699999999999998
2017-11-06,1.64
2017-11-07,1.69
2017-11-08,1.7
2017-11-09,1.65
2017-11-10,1.67
2017-11-11,1.67
2017-11-12,1.805
2017-11-13,1.94
2017-11-14,1.97
2017-11-15,2.02
2017-11-16,2.16
2017-11-17,2.23
2017-11-18,2.06
2017-11-19,2.21
2017-11-20,2.28
2017-11-21,2.31
2017-11-22,2.26
2017-11-23,2.21
2017-11-24,1.97
2017-11-25,2.21
2017-11-26,1.64
2017-11-27,1.84
2017-11-28,1.79
2017-11-29,1.65
2017-11-30,1.32
2017-12-01,1.39
2017-12-02,1.64
2017-12-03,1.5
2017-12-04,1.36
2017-12-05,1.47
2017-12-06,1.52
2017-12-07,1.59
2017-12-08,1.57
2017-12-09,1.49
2017-12-10,1.54
2017-12-11,1.59
2017-12-12,1.56
2017-12-13,1.55
2017-12-14,1.38
2017-12-15,1.34
2017-12-16,1.49
2017-12-17,1.4300000000000002
2017-12-18,1.37
2017-12-19,1.71
2017-12-20,1.69
2017-12-21,1.63
2017-12-22,1.92
2017-12-23,1.63
2017-12-24,1.69
2017-12-25,1.71
2017-12-26,1.73
2017-12-27,1.73
2017-12-28,1.61
2017-12-29,1.7
2017-12-30,1.69
2017-12-31,1.7733333333333332
2018-01-01,1.8566666666666667
2018-01-02,1.94
2018-01-03,1.95
2018-01-04,2.16
2018-01-05,2.03
2018-01-06,1.99
2018-01-07,2.07
2018-01-08,2.58
2018-01-09,2.07
2018-01-10,2.07
2018-01-11,1.89
2018-01-12,1.89
2018-01-13,2.07
2018-01-14,1.545
2018-01-15,1.02
2018-01-16,1.02
2018-01-17,1.02
2018-01-18,1.02
2018-01-19,1.02
2018-01-20,1.02
2018-01-21,1.02
2018-01-22,1.02
2018-01-23,1.02
2018-01-24,1.02
2018-01-25,1.02
2018-01-26,1.02
2018-01-27,1.02
2018-01-28,1.02
2018-01-29,1.02
2018-01-30,1.02
2018-01-31,1.02
2018-02-01,1.02
2018-02-02,1.02
2018-02-03,1.02
2018-02-04,1.365
2018-02-05,1.71
2018-02-06,1.67
2018-02-07,1.67
2018-02-08,1.74
2018-02-09,1.76
2018-02-10,1.71
2018-02-11,1.665
2018-02-12,1.62
2018-02-13,1.68
2018-02-14,1.63
2018-02-15,1.68
2018-02-16,1.67
2018-02-17,1.66
2018-02-18,1.5699999999999998
2018-02-19,1.48
2018-02-20,1.49
2018-02-21,1.46
2018-02-22,1.49
2018-02-23,1.49
2018-02-24,1.48
2018-02-25,1.48
2018-02-26,1.48
2018-02-27,1.48
2018-02-28,1.5
2018-03-01,1.4
2018-03-02,1.38
2018-03-03,1.46
2018-03-04,1.44
2018-03-05,1.5
2018-03-06,1.39
2018-03-07,1.44
2018-03-08,1.44
2018-03-09,1.44
2018-03-10,1.44
2018-03-11,1.43
2018-03-12,1.42
2018-03-13,1.44
2018-03-14,1.37
2018-03-15,1.37
2018-03-16,1.35
2018-03-17,1.39
2018-03-18,1.45
2018-03-19,1.38
2018-03-20,1.6
2018-03-21,1.56
2018-03-22,1.45
2018-03-23,1.45
2018-03-24,1.45
2018-03-25,1.65
2018-03-26,1.85
2018-03-27,1.87
2018-03-28,1.83
2018-03-29,1.87
2018-03-30,1.82
2018-03-31,1.85
2018-04-01,1.8250000000000002
2018-04-02,1.8
2018-04-03,1.8
2018-04-04,1.78
2018-04-05,1.68
2018-04-06,1.68
2018-04-07,1.74
2018-04-08,1.32
2018-04-09,1.58
2018-04-10,1.36
2018-04-11,1.19
2018-04-12,1.16
2018-04-13,1.15
2018-04-14,1.32
2018-04-15,1.21
2018-04-16,1.21
2018-04-17,1.22
2018-04-18,1.19
2018-04-19,1.22
2018-04-20,1.21
2018-04-21,1.21
2018-04-22,1.2
2018-04-23,1.2
2018-04-24,1.22
2018-04-25,1.21
2018-04-26,1.18
2018-04-27,1.16
2018-04-28,1.2
2018-04-29,1.04
2018-04-30,1.12
2018-05-01,1.07
2018-05-02,1.07
2018-05-03,1.03
2018-05-04,0.92
2018-05-05,1.04
2018-05-06,0.78
2018-05-07,0.87
2018-05-08,0.81
2018-05-09,0.76
2018-05-10,0.69
2018-05-11,0.69
2018-05-12,0.78
2018-05-13,0.68
2018-05-14,0.7
2018-05-15,0.68
2018-05-16,0.68
2018-05-17,0.68
2018-05-18,0.68
2018-05-19,0.68
2018-05-20,0.68
2018-05-21,0.68
2018-05-22,0.68
2018-05-23,0.68
2018-05-24,0.68
2018-05-25,0.68
2018-05-26,0.68
2018-05-27,0.63
2018-05-28,0.63
2018-05-29,0.64
2018-05-30,0.63
2018-05-31,0.63
2018-06-01,0.63
2018-06-02,0.63
2018-06-03,0.76
2018-06-04,0.74
2018-06-05,0.8
2018-06-06,0.79
2018-06-07,0.73
2018-06-08,0.73
2018-06-09,0.76
2018-06-10,0.67
2018-06-11,0.74
2018-06-12,0.69
2018-06-13,0.64
2018-06-14,0.64
2018-06-15,0.64
2018-06-16,0.67
2018-06-17,0.69
2018-06-18,0.64
2018-06-19,0.64
2018-06-20,0.64
2018-06-21,0.79
2018-06-22,0.79
2018-06-23,0.69
2018-06-24,0.8
2018-06-25,0.91
2018-06-26,0.91
2018-06-27,0.9
2018-06-28,0.91
2018-06-29,0.91
2018-06-30,0.91
2018-07-01,0.935
2018-07-02,0.96
2018-07-03,0.97
2018-07-04,0.98
2018-07-05,0.97
2018-07-06,1.02
2018-07-07,0.98
2018-07-08,1.0
2018-07-09,0.97
2018-07-10,0.96
2018-07-11,0.98
2018-07-12,1.04
2018-07-13,1.09
2018-07-14,1.0
2018-07-15,1.08
2018-07-16,1.09
2018-07-17,1.1
2018-07-18,1.09
2018-07-19,1.06
2018-07-20,1.06
2018-07-21,1.08
2018-07-22,0.9
2018-07-23,1.06
2018-07-24,1.01
2018-07-25,0.84
2018-07-26,0.73
2018-07-27,0.73
2018-07-28,0.9
2018-07-29,0.65
2018-07-30,0.68
2018-07-31,0.68
2018-08-01,0.68
2018-08-02,0.61
2018-08-03,0.61
2018-08-04,0.65
2018-08-05,0.61
2018-08-06,0.61
2018-08-07,0.61
2018-08-08,0.61
2018-08-09,0.61
2018-08-10,0.61
2018-08-11,0.61
2018-08-12,0.61
2018-08-13,0.61
2018-08-14,0.67
2018-08-15,0.67
2018-08-16,0.62
2018-08-17,0.62
2018-08-18,0.64
2018-08-19,0.88
2018-08-20,0.79
2018-08-21,0.9
2018-08-22,0.9
2018-08-23,0.9
2018-08-24,0.91
2018-08-25,0.88
2018-08-26,0.9550000000000001
2018-08-27,1.03
2018-08-28,1.03
2018-08-29,1.04
2018-08-30,1.07
2018-08-31,1.08
2018-09-01,1.05
2018-09-02,1.125
2018-09-03,1.2
2018-09-04,1.2
2018-09-05,1.2
2018-09-06,1.21
2018-09-07,1.21
2018-09-08,1.2
2018-09-09,1.26
2018-09-10,1.22
2018-09-11,1.23
2018-09-12,1.29
2018-09-13,1.31
2018-09-14,1.29
2018-09-15,1.26
2018-09-16,1.26
2018-09-17,1.26
2018-09-18,1.28
2018-09-19,1.26
2018-09-20,1.25
2018-09-21,1.21
2018-09-22,1.25
2018-09-23,1.25
2018-09-24,1.25
2018-09-25,1.09
2018-09-26,1.06
2018-09-27,1.0
2018-09-28,0.97
2018-09-29,1.08
2018-09-30,0.9
2018-10-01,0.97
2018-10-02,0.97
2018-10-03,0.79
2018-10-04,0.8
2018-10-05,0.8
2018-10-06,0.9
2018-10-07,0.95
2018-10-08,0.95
2018-10-09,0.92
2018-10-10,0.9
2018-10-11,1.0
2018-10-12,0.99
2018-10-13,0.95
2018-10-14,1.06
2018-10-15,1.06
2018-10-16,1.07
2018-10-17,1.04
2018-10-18,1.06
2018-10-19,1.05
2018-10-20,1.06
2018-10-21,1.08
2018-10-22,1.08
2018-10-23,1.12
2018-10-24,1.08
2018-10-25,1.07
2018-10-26,1.04
2018-10-27,1.08
2018-10-28,0.99
2018-10-29,1.01
2018-10-30,1.01
2018-10-31,0.96
2018-11-01,0.97
2018-11-02,0.99
2018-11-03,0.99
2018-11-04,0.99
2018-11-05,0.99
2018-11-06,0.99
2018-11-07,0.96
2018-11-08,0.98
2018-11-09,1.02
2018-11-10,0.99
2018-11-11,1.315
2018-11-12,1.64
2018-11-13,1.64
2018-11-14,1.62
2018-11-15,1.64
2018-11-16,1.65
2018-11-17,1.64
2018-11-18,1.74
2018-11-19,1.84
2018-11-20,1.85
2018-11-21,1.84
2018-11-22,1.8450000000000002
2018-11-23,1.85
2018-11-24,1.84
2018-11-25,1.9900000000000002
2018-11-26,2.14
2018-11-27,2.16
2018-11-28,2.56
2018-11-29,2.64
2018-11-30,2.56
2018-12-01,2.25
2018-12-02,2.64
2018-12-03,2.55
2018-12-04,2.51
2018-12-05,2.82
2018-12-06,2.86
2018-12-07,2.84
2018-12-08,2.64
2018-12-09,2.7199999999999998
2018-12-10,2.8
2018-12-11,2.91
2018-12-12,2.88
2018-12-13,3.11
2018-12-14,3.0
2018-12-15,2.91
2018-12-16,2.99
2018-12-17,3.07
2018-12-18,2.91
2018-12-19,2.6
2018-12-20,2.86
2018-12-21,2.88
2018-12-22,2.85
2018-12-23,2.7350000000000003
2018-12-24,2.62
2018-12-25,2.665
2018-12-26,2.71
2018-12-27,2.59
2018-12-28,2.48
2018-12-29,2.62
2018-12-30,2.505
2018-12-31,2.39
2019-01-01,2.475
2019-01-02,2.56
2019-01-03,2.18
2019-01-04,2.24
2019-01-05,2.29
2019-01-06,1.705
2019-01-07,1.12
2019-01-08,1.12
2019-01-09,1.12
2019-01-10,1.12
2019-01-11,1.12
2019-01-12,1.12
2019-01-13,1.12
2019-01-14,1.12
2019-01-15,1.12
2019-01-16,1.12
2019-01-17,1.12
2019-01-18,1.12
2019-01-19,1.12
2019-01-20,1.12
2019-01-21,1.12
2019-01-22,1.12
2019-01-23,1.12
2019-01-24,1.12
2019-01-25,1.12
2019-01-26,1.12
2019-01-27,1.12
2019-01-28,1.12
2019-01-29,1.12
2019-01-30,1.12
2019-01-31,1.12
2019-02-01,1.12
2019-02-02,1.12
2019-02-03,1.12
2019-02-04,1.12
2019-02-05,1.12
2019-02-06,1.12
2019-02-07,1.12
2019-02-08,1.12
2019-02-09,1.12
2019-02-10,1.12
2019-02-11,1.12
2019-02-12,1.12
2019-02-13,1.12
2019-02-14,1.12
2019-02-15,1.12
2019-02-16,1.12
2019-02-17,1.12
2019-02-18,1.12
2019-02-19,1.12
2019-02-20,1.12
2019-02-21,1.12
2019-02-22,1.12
2019-02-23,1.12
2019-02-24,1.12
2019-02-25,1.12
2019-02-26,1.12
2019-02-27,1.12
2019-02-28,1.12
2019-03-01,1.12
2019-03-02,1.12
2019-03-03,1.12
2019-03-04,1.12
2019-03-05,1.12
2019-03-06,1.12
2019-03-07,1.12
2019-03-08,1.12
2019-03-09,1.12
2019-03-10,1.34
2019-03-11,1.56
2019-03-12,1.56
2019-03-13,1.56
2019-03-14,1.56
2019-03-15,1.56
2019-03-16,1.56
2019-03-17,1.67
2019-03-18,1.78
2019-03-19,1.78
2019-03-20,1.78
2019-03-21,1.78
2019-03-22,1.78
2019-03-23,1.78
2019-03-24,1.78
2019-03-25,1.78
2019-03-26,1.78
2019-03-27,1.78
2019-03-28,1.78
2019-03-29,1.78
2019-03-30,1.78
2019-03-31,1.29
2019-04-01,1.33
2019-04-02,1.37
2019-04-03,1.36
2019-04-04,1.18
2019-04-05,1.2
2019-04-06,1.29
2019-04-07,1.06
2019-04-08,1.21
2019-04-09,1.05
2019-04-10,1.05
2019-04-11,0.98
2019-04-12,0.99
2019-04-13,1.06
2019-04-14,1.045
2019-04-15,1.03
2019-04-16,1.0
2019-04-17,0.83
2019-04-18,0.77
2019-04-19,0.77
2019-04-20,0.89
2019-04-21,0.8049999999999999
2019-04-22,0.72
2019-04-23,0.72
2019-04-24,0.74
2019-04-25,0.73
2019-04-26,0.73
2019-04-27,0.73
2019-04-28,0.72
2019-04-29,0.74
2019-04-30,0.72
2019-05-01,0.71
2019-05-02,0.7
2019-05-03,0.71
2019-05-04,0.72
2019-05-05,0.72
2019-05-06,0.71
2019-05-07,0.71
2019-05-08,0.71
2019-05-09,0.72
2019-05-10,0.74
2019-05-11,0.72
2019-05-12,0.73
2019-05-13,0.7
2019-05-14,0.71
2019-05-15,0.76
2019-05-16,0.76
2019-05-17,0.75
2019-05-18,0.73
2019-05-19,0.99
2019-05-20,0.98
2019-05-21,0.94
2019-05-22,1.0
2019-05-23,1.0
2019-05-24,1.0
2019-05-25,0.99
2019-05-26,0.95
2019-05-27,0.95
2019-05-28,0.97
2019-05-29,0.98
2019-05-30,0.92
2019-05-31,0.92
2019-06-01,0.95
2019-06-02,0.96
2019-06-03,0.97
2019-06-04,0.92
2019-06-05,0.98
2019-06-06,0.98
2019-06-07,0.97
2019-06-08,0.96
2019-06-09,0.995
2019-06-10,1.03
2019-06-11,1.03
2019-06-12,1.03
2019-06-13,1.13
2019-06-14,1.13
2019-06-15,1.06
2019-06-16,1.105
2019-06-17,1.15
2019-06-18,1.15
2019-06-19,1.2
2019-06-20,1.21
2019-06-21,1.2
2019-06-22,1.18
2019-06-23,1.23
2019-06-24,1.2
2019-06-25,1.19
2019-06-26,1.26
2019-06-27,1.26
2019-06-28,1.26
2019-06-29,1.23
2019-06-30,1.25
2019-07-01,1.25
2019-07-02,1.25
2019-07-03,1.25
2019-07-04,1.25
2019-07-05,1.25
2019-07-06,1.25
2019-07-07,1.29
2019-07-08,1.26
2019-07-09,1.26
2019-07-10,1.25
2019-07-11,1.36
2019-07-12,1.36
2019-07-13,1.29
2019-07-14,1.2
2019-07-15,1.36
2019-07-16,1.15
2019-07-17,1.16
2019-07-18,1.16
2019-07-19,1.15
2019-07-20,1.2
2019-07-21,1.0
2019-07-22,1.16
2019-07-23,1.03
2019-07-24,0.98
2019-07-25,0.94
2019-07-26,0.86
2019-07-27,1.0
2019-07-28,0.76
2019-07-29,0.86
2019-07-30,0.76
2019-07-31,0.71
2019-08-01,0.71
2019-08-02,0.71
2019-08-03,0.76
2019-08-04,0.91
2019-08-05,0.95
2019-08-06,0.91
2019-08-07,0.88
2019-08-08,0.91
2019-08-09,0.89
2019-08-10,0.91
2019-08-11,1.05
2019-08-12,1.0
2019-08-13,1.05
2019-08-14,1.09
2019-08-15,1.09
2019-08-16,1.05
2019-08-17,1.05
2019-08-18,1.22
2019-08-19,1.22
2019-08-20,1.22
2019-08-21,1.25
2019-08-22,1.22
2019-08-23,1.2
2019-08-24,1.22
2019-08-25,1.36
2019-08-26,1.27
2019-08-27,1.38
2019-08-28,1.38
2019-08-29,1.37
2019-08-30,1.4
2019-08-31,1.36
2019-09-01,1.4
2019-09-02,1.4
2019-09-03,1.41
2019-09-04,1.39
2019-09-05,1.4
2019-09-06,1.41
2019-09-07,1.4
2019-09-08,1.51
2019-09-09,1.5
2019-09-10,1.5
2019-09-11,1.51
2019-09-12,1.52
2019-09-13,1.49
2019-09-14,1.51
2019-09-15,1.55
2019-09-16,1.49
2019-09-17,1.5
2019-09-18,1.59
2019-09-19,1.59
2019-09-20,1.61
2019-09-21,1.55
2019-09-22,1.61
2019-09-23,1.61
2019-09-24,1.6
2019-09-25,1.63
2019-09-26,1.61
2019-09-27,1.6
2019-09-28,1.61
2019-09-29,1.5
2019-09-30,1.66
2019-10-01,1.44
2019-10-02,1.44
2019-10-03,1.45
2019-10-04,1.43
2019-10-05,1.5
2019-10-06,1.45
2019-10-07,1.47
2019-10-08,1.44
2019-10-09,1.44
2019-10-10,1.45
2019-10-11,1.42
2019-10-12,1.45
2019-10-13,1.33
2019-10-14,1.33
2019-10-15,1.35
2019-10-16,1.31
2019-10-17,1.31
2019-10-18,1.35
2019-10-19,1.33
2019-10-20,1.09
2019-10-21,1.26
2019-10-22,1.04
2019-10-23,1.06
2019-10-24,1.02
2019-10-25,1.04
2019-10-26,1.09
2019-10-27,1.12
2019-10-28,1.08
2019-10-29,1.08
2019-10-30,1.03
2019-10-31,1.24
2019-11-01,1.2
2019-11-02,1.12
2019-11-03,1.29
2019-11-04,1.46
2019-11-05,1.42
2019-11-06,1.5
2019-11-07,1.61
2019-11-08,1.62
2019-11-09,1.52
2019-11-10,1.8
2019-11-11,1.8
2019-11-12,1.86
2019-11-13,1.87
2019-11-14,1.69
2019-11-15,1.73
2019-11-16,1.8
2019-11-17,1.775
2019-11-18,1.75
2019-11-19,1.72
2019-11-20,1.69
2019-11-21,1.73
2019-11-22,2.04
2019-11-23,1.77
2019-11-24,2.12
2019-11-25,1.98
2019-11-26,2.19
2019-11-27,2.46
2019-11-28,2.12
2019-11-29,2.3
2019-11-30,2.12
2019-12-01,2.84
2019-12-02,2.8
2019-12-03,2.82
2019-12-04,2.91
2019-12-05,2.77
2019-12-06,2.93
2019-12-07,2.84
2019-12-08,2.915
2019-12-09,2.99
2019-12-10,3.01
2019-12-11,2.97
2019-12-12,2.95
2019-12-13,2.97
2019-12-14,2.98
2019-12-15,2.73
2019-12-16,2.98
2019-12-17,2.76
2019-12-18,2.68
2019-12-19,2.48
2019-12-20,2.4
2019-12-21,2.73
2019-12-22,2.59
2019-12-23,2.45
2019-12-24,2.52
2019-12-25,2.56
2019-12-26,2.6
2019-12-27,2.53
2019-12-28,2.52
2019-12-29,2.275
2019-12-30,2.03
2019-12-31,1.33
2020-01-01,1.33
2020-01-02,1.33
2020-01-03,1.33
2020-01-04,1.33
2020-01-05,1.33
2020-01-06,1.33
2020-01-07,1.33
2020-01-08,1.33
2020-01-09,1.33
2020-01-10,1.33
2020-01-11,1.33
2020-01-12,1.33
2020-01-13,1.33
2020-01-14,1.33
2020-01-15,1.33
2020-01-16,1.33
2020-01-17,1.33
2020-01-18,1.33
2020-01-19,1.315
2020-01-20,1.3
2020-01-21,1.3
2020-01-22,1.3
2020-01-23,1.3
2020-01-24,1.3
2020-01-25,1.3
2020-01-26,1.3
2020-01-27,1.3
2020-01-28,1.3
2020-01-29,1.3
2020-01-30,1.3
2020-01-31,1.3
2020-02-01,1.3
2020-02-02,1.3
2020-02-03,1.3
2020-02-04,1.3
2020-02-05,1.3
2020-02-06,1.3
2020-02-07,1.3
2020-02-08,1.3
2020-02-09,1.3
2020-02-10,1.3
2020-02-11,1.3
2020-02-12,1.3
2020-02-13,1.3
2020-02-14,1.3
2020-02-15,1.3
2020-02-16,1.3
2020-02-17,1.3
2020-02-18,1.3
2020-02-19,1.3
2020-02-20,1.3
2020-02-21,1.3
2020-02-22,1.3
2020-02-23,1.3
2020-02-24,1.3
2020-02-25,1.3
2020-02-26,1.3
2020-02-27,1.3
2020-02-28,1.3
2020-02-29,1.3
2020-03-01,1.3
2020-03-02,1.3
2020-03-03,1.3
2020-03-04,1.3
2020-03-05,1.3
2020-03-06,1.3
2020-03-07,1.3
2020-03-08,1.3
2020-03-09,1.3
2020-03-10,1.3
2020-03-11,1.3
2020-03-12,1.3
2020-03-13,1.3
2020-03-14,1.3
2020-03-15,1.3
2020-03-16,1.3
2020-03-17,1.3
2020-03-18,1.3
2020-03-19,1.3
2020-03-20,1.3
2020-03-21,1.3
2020-03-22,1.4
2020-03-23,1.4
2020-03-24,1.78
2020-03-25,1.5
2020-03-26,1.33
2020-03-27,1.11
2020-03-28,1.4
2020-03-29,1.03
2020-03-30,1.06
2020-03-31,1.1
2020-04-01,0.99
2020-04-02,0.99
2020-04-03,1.01
2020-04-04,1.03
2020-04-05,1.0899999999999999
2020-04-06,1.15
2020-04-07,1.09
2020-04-08,0.97
2020-04-09,0.97
2020-04-10,0.97
2020-04-11,1.04
2020-04-12,1.14
2020-04-13,1.14
2020-04-14,1.14
2020-04-15,1.15
2020-04-16,1.14
2020-04-17,1.14
2020-04-18,1.14
2020-04-19,1.03
2020-04-20,1.14
2020-04-21,1.01
2020-04-22,0.96
2020-04-23,1.01
2020-04-24,1.01
2020-04-25,1.03
2020-04-26,1.02
2020-04-27,1.01
2020-04-28,1.03
2020-04-29,1.03
2020-04-30,1.02
2020-05-01,1.03
2020-05-02,1.02
2020-05-03,1.03
2020-05-04,1.03
2020-05-05,1.02
2020-05-06,1.03
2020-05-07,1.02
2020-05-08,1.03
2020-05-09,1.03
2020-05-10,1.04
2020-05-11,1.04
2020-05-12,1.04
2020-05-13,1.04
2020-05-14,1.04
2020-05-15,1.04
2020-05-16,1.04
2020-05-17,0.99
2020-05-18,1.04
2020-05-19,1.03
2020-05-20,0.98
2020-05-21,0.97
2020-05-22,0.91
2020-05-23,0.99
2020-05-24,0.84
2020-05-25,0.84
2020-05-26,0.91
2020-05-27,0.91
2020-05-28,0.76
2020-05-29,0.76
2020-05-30,0.84
2020-05-31,0.71
2020-06-01,0.72
2020-06-02,0.7
2020-06-03,0.71
2020-06-04,0.72
2020-06-05,0.71
2020-06-06,0.71
2020-06-07,0.85
2020-06-08,0.82
2020-06-09,0.82
2020-06-10,0.87
2020-06-11,0.88
2020-06-12,0.88
2020-06-13,0.85
2020-06-14,1.03
2020-06-15,1.03
2020-06-16,1.03
2020-06-17,1.02
2020-06-18,1.03
2020-06-19,1.03
2020-06-20,1.03
2020-06-21,1.16
2020-06-22,1.05
2020-06-23,1.2
2020-06-24,1.19
2020-06-25,1.19
2020-06-26,1.21
2020-06-27,1.16
2020-06-28,1.36
2020-06-29,1.37
2020-06-30,1.36
2020-07-01,1.36
2020-07-02,1.36
2020-07-03,1.36
2020-07-04,1.36
2020-07-05,1.63
2020-07-06,1.56
2020-07-07,1.56
2020-07-08,1.58
2020-07-09,1.7
2020-07-10,1.81
2020-07-11,1.63
2020-07-12,1.81
2020-07-13,1.81
2020-07-14,1.81
2020-07-15,1.81
2020-07-16,1.81
2020-07-17,1.82
2020-07-18,1.81
2020-07-19,1.87
2020-07-20,1.81
2020-07-21,1.81
2020-07-22,1.92
2020-07-23,1.92
2020-07-24,1.92
2020-07-25,1.87
2020-07-26,1.82
2020-07-27,1.82
2020-07-28,1.83
2020-07-29,1.82
2020-07-30,1.82
2020-07-31,1.83
2020-08-01,1.82
2020-08-02,1.73
2020-08-03,1.82
2020-08-04,1.8
2020-08-05,1.8
2020-08-06,1.58
2020-08-07,1.59
2020-08-08,1.73
2020-08-09,1.16
2020-08-10,1.29
2020-08-11,1.2
2020-08-12,1.17
2020-08-13,1.08
2020-08-14,0.99
2020-08-15,1.16
2020-08-16,1.15
2020-08-17,1.08
2020-08-18,1.16
2020-08-19,1.15
2020-08-20,1.18
2020-08-21,1.18
2020-08-22,1.15
2020-08-23,1.31
2020-08-24,1.32
2020-08-25,1.31
2020-08-26,1.28
2020-08-27,1.29
2020-08-28,1.33
2020-08-29,1.31
2020-08-30,1.11
2020-08-31,1.12
2020-09-01,1.13
2020-09-02,1.1
2020-09-03,1.1
2020-09-04,1.1
2020-09-05,1.11
2020-09-06,1.38
2020-09-07,1.38
2020-09-08,1.29
2020-09-09,1.29
2020-09-10,1.49
2020-09-11,1.49
2020-09-12,1.38
2020-09-13,1.73
2020-09-14,1.61
2020-09-15,1.76
2020-09-16,1.76
2020-09-17,1.76
2020-09-18,1.76
2020-09-19,1.73
2020-09-20,1.86
2020-09-21,1.81
2020-09-22,1.81
2020-09-23,1.83
2020-09-24,1.92
2020-09-25,1.94
2020-09-26,1.86
2020-09-27,1.94
2020-09-28,1.94
2020-09-29,1.93
2020-09-30,1.92
2020-10-01,1.96
2020-10-02,1.93
2020-10-03,1.94
2020-10-04,2.03
2020-10-05,1.95
2020-10-06,2.05
2020-10-07,2.05
2020-10-08,2.04
2020-10-09,2.07
2020-10-10,2.03
2020-10-11,1.92
2020-10-12,1.92
2020-10-13,2.05
2020-10-14,1.84
2020-10-15,1.87
2020-10-16,1.9
2020-10-17,1.92
2020-10-18,1.78
2020-10-19,1.9
2020-10-20,1.92
2020-10-21,1.69
2020-10-22,1.68
2020-10-23,1.69
2020-10-24,1.78
2020-10-25,1.7
2020-10-26,1.71
2020-10-27,1.8
2020-10-28,1.66
2020-10-29,1.69
2020-10-30,1.64
2020-10-31,1.7
2020-11-01,1.79
2020-11-02,1.71
2020-11-03,1.72
2020-11-04,1.79
2020-11-05,1.92
2020-11-06,1.88
2020-11-07,1.79
2020-11-08,2.12
2020-11-09,2.02
2020-11-10,2.15
2020-11-11,2.12
2020-11-12,2.16
2020-11-13,2.19
2020-11-14,2.12
2020-11-15,2.38
2020-11-16,2.39
2020-11-17,2.37
2020-11-18,2.33
2020-11-19,2.41
2020-11-20,2.38
2020-11-21,2.38
2020-11-22,1.84
2020-11-23,2.12
2020-11-24,1.69
2020-11-25,1.69
2020-11-26,1.705
2020-11-27,1.72
2020-11-28,1.84
2020-11-29,1.54
2020-11-30,1.55
2020-12-01,1.52
2020-12-02,1.54
2020-12-03,1.5
2020-12-04,1.54
2020-12-05,1.54
2020-12-06,1.53
2020-12-07,1.51
2020-12-08,1.56
2020-12-09,1.47
2020-12-10,1.57
2020-12-11,1.57
2020-12-12,1.53
2020-12-13,1.36
2020-12-14,1.56
2020-12-15,1.29
2020-12-16,1.23
2020-12-17,1.25
2020-12-18,1.43
2020-12-19,1.36
2020-12-20,1.36
2020-12-21,1.39
2020-12-22,1.34
2020-12-23,1.34
2020-12-24,1.36
2020-12-25,1.36
2020-12-26,1.36
2020-12-27,1.6400000000000001
2020-12-28,1.92
2020-12-29,1.92
2020-12-30,1.92
2020-12-31,1.92
2021-01-01,1.705
2021-01-02,1.49
2021-01-03,1.49
2021-01-04,1.49
2021-01-05,1.49
2021-01-06,1.49
2021-01-07,1.49
2021-01-08,1.49
2021-01-09,1.49
2021-01-10,1.49
2021-01-11,1.49
2021-01-12,1.49
2021-01-13,1.49
2021-01-14,1.49
2021-01-15,1.49
2021-01-16,1.49
2021-01-17,1.49
2021-01-18,1.49
2021-01-19,1.49
2021-01-20,1.49
2021-01-21,1.49
2021-01-22,1.49
2021-01-23,1.49
2021-01-24,1.49
2021-01-25,1.49
2021-01-26,1.49
2021-01-27,1.49
2021-01-28,1.49
2021-01-29,1.49
2021-01-30,1.49
2021-01-31,1.49
2021-02-01,1.49
2021-02-02,1.49
2021-02-03,1.49
2021-02-04,1.49
2021-02-05,1.49
2021-02-06,1.49
2021-02-07,1.49
2021-02-08,1.49
2021-02-09,1.49
2021-02-10,1.49
2021-02-11,1.49
2021-02-12,1.49
2021-02-13,1.49
2021-02-14,1.49
2021-02-15,1.49
2021-02-16,1.49
2021-02-17,1.49
2021-02-18,1.49
2021-02-19,1.49
2021-02-20,1.49
2021-02-21,1.39
2021-02-22,1.39
2021-02-23,1.39
2021-02-24,1.39
2021-02-25,1.39
2021-02-26,1.39
2021-02-27,1.39
2021-02-28,1.325
2021-03-01,1.26
2021-03-02,1.16
2021-03-03,1.18
2021-03-04,1.16
2021-03-05,1.21
2021-03-06,1.2
2021-03-07,1.2
2021-03-08,1.2
2021-03-09,1.27
2021-03-10,1.38
2021-03-11,1.49
2021-03-12,1.38
2021-03-13,1.3
2021-03-14,1.56
2021-03-15,1.39
2021-03-16,1.6
2021-03-17,1.66
2021-03-18,1.61
2021-03-19,1.61
2021-03-20,1.56
2021-03-21,1.675
2021-03-22,1.79
2021-03-23,1.8
2021-03-24,1.81
2021-03-25,1.8
2021-03-26,1.8
2021-03-27,1.8
2021-03-28,1.8050000000000002
2021-03-29,1.81
2021-03-30,1.81
2021-03-31,1.83
2021-04-01,1.81
2021-04-02,1.82
2021-04-03,1.82
2021-04-04,1.82
2021-04-05,1.81
2021-04-06,1.82
2021-04-07,1.83
2021-04-08,1.81
2021-04-09,1.82
2021-04-10,1.82
2021-04-11,1.82
2021-04-12,1.82
2021-04-13,1.81
2021-04-14,1.81
2021-04-15,1.81
2021-04-16,1.82
2021-04-17,1.81
2021-04-18,1.81
2021-04-19,1.81
2021-04-20,1.81
2021-04-21,1.81
2021-04-22,1.82
2021-04-23,1.82
2021-04-24,1.81
2021-04-25,2.02
2021-04-26,2.02
2021-04-27,2.02
2021-04-28,2.02
2021-04-29,2.02
2021-04-30,2.02
2021-05-01,2.02
2021-05-02,1.8
2021-05-03,2.02
2021-05-04,2.02
2021-05-05,1.61
2021-05-06,1.61
2021-05-07,1.6
2021-05-08,1.8
2021-05-09,1.27
2021-05-10,1.5
2021-05-11,1.38
2021-05-12,1.18
2021-05-13,1.15
2021-05-14,1.03
2021-05-15,1.27
2021-05-16,0.92
2021-05-17,0.9
2021-05-18,0.91
2021-05-19,0.95
2021-05-20,0.94
2021-05-21,0.93
2021-05-22,0.92
2021-05-23,1.065
2021-05-24,1.21
2021-05-25,1.2
2021-05-26,1.31
2021-05-27,1.31
2021-05-28,1.32
2021-05-29,1.26
2021-05-30,1.29
2021-05-31,1.29
2021-06-01,1.21
2021-06-02,1.34
2021-06-03,1.3
2021-06-04,1.32
2021-06-05,1.29
2021-06-06,1.24
2021-06-07,1.31
2021-06-08,1.25
2021-06-09,1.2
2021-06-10,1.19
2021-06-11,1.2
2021-06-12,1.24
2021-06-13,1.19
2021-06-14,1.19
2021-06-15,1.19
2021-06-16,1.2
2021-06-17,1.16
2021-06-18,1.17
2021-06-19,1.19
2021-06-20,1.21
2021-06-21,1.18
2021-06-22,1.17
2021-06-23,1.16
2021-06-24,1.16
2021-06-25,1.39
2021-06-26,1.21
2021-06-27,1.15
2021-06-28,1.16
2021-06-29,1.15
2021-06-30,1.15
2021-07-01,1.14
2021-07-02,1.14
2021-07-03,1.15
2021-07-04,1.2
2021-07-05,1.2
2021-07-06,1.15
2021-07-07,1.19
2021-07-08,1.24
2021-07-09,1.23
2021-07-10,1.2
2021-07-11,1.22
2021-07-12,1.26
2021-07-13,1.27
2021-07-14,1.22
2021-07-15,1.14
2021-07-16,1.14
2021-07-17,1.22
2021-07-18,1.2
2021-07-19,1.14
2021-07-20,1.23
2021-07-21,1.21
2021-07-22,1.2
2021-07-23,1.21
2021-07-24,1.2
2021-07-25,1.28
2021-07-26,1.25
2021-07-27,1.21
2021-07-28,1.25
2021-07-29,1.35
2021-07-30,1.39
2021-07-31,1.28
2021-08-01,1.49
2021-08-02,1.47
2021-08-03,1.48
2021-08-04,1.49
2021-08-05,1.5
2021-08-06,1.5
2021-08-07,1.49
2021-08-08,1.55
2021-08-09,1.56
2021-08-10,1.56
2021-08-11,1.55
2021-08-12,1.55
2021-08-13,1.55
2021-08-14,1.55
2021-08-15,1.58
2021-08-16,1.64
2021-08-17,1.59
2021-08-18,1.5
2021-08-19,1.48
2021-08-20,1.7
2021-08-21,1.58
2021-08-22,1.7
2021-08-23,1.7
2021-08-24,1.69
2021-08-25,1.71
2021-08-26,1.69
2021-08-27,1.7
2021-08-28,1.7
2021-08-29,1.75
2021-08-30,1.7
2021-08-31,1.7
2021-09-01,1.69
2021-09-02,1.82
2021-09-03,1.83
2021-09-04,1.75
2021-09-05,1.63
2021-09-06,1.63
2021-09-07,1.75
2021-09-08,1.69
2021-09-09,1.53
2021-09-10,1.54
2021-09-11,1.63
2021-09-12,1.26
2021-09-13,1.44
2021-09-14,1.33
2021-09-15,1.27
2021-09-16,1.08
2021-09-17,1.1
2021-09-18,1.26
2021-09-19,1.13
2021-09-20,1.09
2021-09-21,1.1
2021-09-22,1.09
2021-09-23,1.18
2021-09-24,1.19
2021-09-25,1.13
2021-09-26,1.17
2021-09-27,1.17
2021-09-28,1.18
2021-09-29,1.17
2021-09-30,1.17
2021-10-01,1.17
2021-10-02,1.17
2021-10-03,1.31
2021-10-04,1.19
2021-10-05,1.19
2021-10-06,1.17
2021-10-07,1.52
2021-10-08,1.52
2021-10-09,1.31
2021-10-10,1.48
2021-10-11,1.48
2021-10-12,1.52
2021-10-13,1.52
2021-10-14,1.42
2021-10-15,1.43
2021-10-16,1.48
2021-10-17,1.5699999999999998
2021-10-18,1.66
2021-10-19,1.67
2021-10-20,1.67
2021-10-21,1.66
2021-10-22,1.77
2021-10-23,1.68
2021-10-24,1.92
2021-10-25,2.05
2021-10-26,1.91
2021-10-27,1.93
2021-10-28,1.91
2021-10-29,1.89
2021-10-30,1.92
2021-10-31,2.37
2021-11-01,2.1
2021-11-02,2.44
2021-11-03,2.46
2021-11-04,2.44
2021-11-05,2.47
2021-11-06,2.37
2021-11-07,2.57
2021-11-08,2.57
2021-11-09,2.6
2021-11-10,2.53
2021-11-11,2.57
2021-11-12,2.59
2021-11-13,2.57
2021-11-14,2.79
2021-11-15,2.77
2021-11-16,2.8
2021-11-17,2.8
2021-11-18,2.78
2021-11-19,2.78
2021-11-20,2.79
2021-11-21,2.8
2021-11-22,2.81
2021-11-23,2.79
2021-11-24,2.8
2021-11-25,2.8
2021-11-26,2.82
2021-11-27,2.8
2021-11-28,2.795
2021-11-29,2.79
2021-11-30,2.57
2021-12-01,2.35
2021-12-02,2.42
2021-12-03,2.34
2021-12-04,2.52
2021-12-05,2.435
2021-12-06,2.35
2021-12-07,2.37
2021-12-08,2.17
2021-12-09,2.05
2021-12-10,1.95
2021-12-11,2.23
2021-12-12,1.92
2021-12-13,1.93
2021-12-14,1.88
2021-12-15,1.92
2021-12-16,1.92
2021-12-17,1.92
2021-12-18,1.92
2021-12-19,1.9049999999999998
2021-12-20,1.89
2021-12-21,1.89
2021-12-22,2.0
2021-12-23,2.0
2021-12-24,1.9649999999999999
2021-12-25,1.93
2021-12-26,1.71
2021-12-27,1.49
2021-12-28,1.49
2021-12-29,1.49
2021-12-30,1.49
2021-12-31,1.49
2022-01-01,1.38
2022-01-02,1.38
2022-01-03,1.38
2022-01-04,1.38
2022-01-05,1.38
2022-01-06,1.38
2022-01-07,1.38
2022-01-08,1.38
2022-01-09,1.38
2022-01-10,1.38
2022-01-11,1.38
2022-01-12,1.38
2022-01-13,1.38
2022-01-14,1.38
2022-01-15,1.38
2022-01-16,1.38
2022-01-17,1.38
2022-01-18,1.38
2022-01-19,1.38
2022-01-20,1.38
2022-01-21,1.38
2022-01-22,1.38
2022-01-23,1.38
2022-01-24,1.38
2022-01-25,1.38
2022-01-26,1.38
2022-01-27,1.38
2022-01-28,1.38
2022-01-29,1.38
2022-01-30,1.38
2022-01-31,1.38
2022-02-01,1.38
2022-02-02,1.38
2022-02-03,1.38
2022-02-04,1.38
2022-02-05,1.38
2022-02-06,1.38
2022-02-07,1.38
2022-02-08,1.38
2022-02-09,1.38
2022-02-10,1.38
2022-02-11,1.38
2022-02-12,1.38
2022-02-13,1.5899999999999999
2022-02-14,1.8
2022-02-15,1.8
2022-02-16,1.8
2022-02-17,1.83
2022-02-18,1.78
2022-02-19,1.8
2022-02-20,1.585
2022-02-21,1.37
2022-02-22,1.56
2022-02-23,1.22
2022-02-24,1.22
2022-02-25,1.22
2022-02-26,1.37
2022-02-27,1.1300000000000001
2022-02-28,0.89
2022-03-01,0.89
2022-03-02,0.89
2022-03-03,0.89
2022-03-04,0.89
2022-03-05,0.89
2022-03-06,0.89
2022-03-07,0.89
2022-03-08,0.89
2022-03-09,1.11
2022-03-10,1.11
2022-03-11,1.11
2022-03-12,1.01
2022-03-13,1.115
2022-03-14,1.22
2022-03-15,1.11
2022-03-16,1.22
2022-03-17,1.22
2022-03-18,1.22
2022-03-19,1.19
2022-03-20,1.205
2022-03-21,1.22
2022-03-22,1.39
2022-03-23,1.39
2022-03-24,1.33
2022-03-25,1.33
2022-03-26,1.32
2022-03-27,1.58
2022-03-28,1.33
2022-03-29,1.56
2022-03-30,1.56
2022-03-31,1.67
2022-04-01,1.67
2022-04-02,1.58
2022-04-03,1.64
2022-04-04,1.67
2022-04-05,1.67
2022-04-06,1.67
2022-04-07,1.64
2022-04-08,1.58
2022-04-09,1.64
2022-04-10,1.59
2022-04-11,1.59
2022-04-12,1.59
2022-04-13,1.58
2022-04-14,1.58
2022-04-15,1.59
2022-04-16,1.59
2022-04-17,1.4849999999999999
2022-04-18,1.38
2022-04-19,1.27
2022-04-20,1.18
2022-04-21,0.95
2022-04-22,0.97
2022-04-23,1.17
2022-04-24,1.05
2022-04-25,0.96
2022-04-26,0.94
2022-04-27,0.97
2022-04-28,1.21
2022-04-29,1.22
2022-04-30,1.05
2022-05-01,1.26
2022-05-02,1.24
2022-05-03,1.24
2022-05-04,1.22
2022-05-05,1.23
2022-05-06,1.4
2022-05-07,1.26
2022-05-08,1.37
2022-05-09,1.39
2022-05-10,1.38
2022-05-11,1.4
2022-05-12,1.35
2022-05-13,1.32
2022-05-14,1.37
2022-05-15,1.08
2022-05-16,1.32
2022-05-17,1.16
2022-05-18,0.94
2022-05-19,0.95
2022-05-20,0.96
2022-05-21,1.08
2022-05-22,0.97
2022-05-23,0.95
2022-05-24,0.95
2022-05-25,0.95
2022-05-26,0.99
2022-05-27,1.02
2022-05-28,0.97
2022-05-29,0.95
2022-05-30,0.95
2022-05-31,1.01
2022-06-01,0.92
2022-06-02,0.94
2022-06-03,0.91
2022-06-04,0.95
2022-06-05,0.85
2022-06-06,0.92
2022-06-07,0.92
2022-06-08,0.79
2022-06-09,0.79
2022-06-10,0.76
2022-06-11,0.85
2022-06-12,0.71
2022-06-13,0.72
2022-06-14,0.73
2022-06-15,0.73
2022-06-16,0.7
2022-06-17,0.69
2022-06-18,0.71
2022-06-19,0.73
2022-06-20,0.73
2022-06-21,0.69
2022-06-22,0.7
2022-06-23,0.78
2022-06-24,0.77
2022-06-25,0.73
2022-06-26,0.95
2022-06-27,0.98
2022-06-28,0.96
2022-06-29,0.92
2022-06-30,0.92
2022-07-01,0.93
2022-07-02,0.95
2022-07-03,0.95
2022-07-04,0.95
2022-07-05,0.93
2022-07-06,0.92
2022-07-07,0.97
2022-07-08,0.97
2022-07-09,0.95
2022-07-10,1.0
2022-07-11,1.05
2022-07-12,1.04
2022-07-13,1.04
2022-07-14,1.05
2022-07-15,1.05
2022-07-16,1.04
2022-07-17,1.045
2022-07-18,1.05
2022-07-19,1.19
2022-07-20,1.19
2022-07-21,1.25
2022-07-22,1.26
2022-07-23,1.18
2022-07-24,1.39
2022-07-25,1.28
2022-07-26,1.37
2022-07-27,1.37
2022-07-28,1.5
2022-07-29,1.49
2022-07-30,1.39
2022-07-31,1.72
2022-08-01,1.73
2022-08-02,1.71
2022-08-03,1.72
2022-08-04,1.73
2022-08-05,1.72
2022-08-06,1.72
2022-08-07,1.88
2022-08-08,1.83
2022-08-09,1.83
2022-08-10,1.88
2022-08-11,1.93
2022-08-12,1.92
2022-08-13,1.88
2022-08-14,1.91
2022-08-15,1.85
2022-08-16,1.86
2022-08-17,1.94
2022-08-18,1.95
2022-08-19,1.96
2022-08-20,1.91
2022-08-21,1.87
2022-08-22,2.04
2022-08-23,1.94
2022-08-24,1.85
2022-08-25,1.75
2022-08-26,1.72
2022-08-27,1.87
2022-08-28,1.8
2022-08-29,1.76
2022-08-30,1.73
2022-08-31,1.88
2022-09-01,1.87
2022-09-02,1.76
2022-09-03,1.8
2022-09-04,1.3
2022-09-05,1.3
2022-09-06,1.65
2022-09-07,1.22
2022-09-08,1.11
2022-09-09,1.14
2022-09-10,1.3
2022-09-11,1.11
2022-09-12,1.14
2022-09-13,1.16
2022-09-14,1.05
2022-09-15,1.09
2022-09-16,1.07
2022-09-17,1.11
2022-09-18,1.02
2022-09-19,1.02
2022-09-20,1.02
2022-09-21,1.02
2022-09-22,1.02
2022-09-23,1.02
2022-09-24,1.02
2022-09-25,2.0
2022-09-26,2.03
2022-09-27,1.98
2022-09-28,1.98
2022-09-29,2.01
2022-09-30,1.99
2022-10-01,2.0
2022-10-02,2.2
2022-10-03,2.19
2022-10-04,2.21
2022-10-05,2.18
2022-10-06,2.22
2022-10-07,2.2
2022-10-08,2.2
2022-10-09,2.3
2022-10-10,2.3
2022-10-11,2.22
2022-10-12,2.33
2022-10-13,2.37
2022-10-14,2.32
2022-10-15,2.3
2022-10-16,2.44
2022-10-17,2.36
2022-10-18,2.34
2022-10-19,2.51
2022-10-20,2.51
2022-10-21,2.53
2022-10-22,2.44
2022-10-23,2.49
2022-10-24,2.54
2022-10-25,2.54
2022-10-26,2.51
2022-10-27,2.52
2022-10-28,2.55
2022-10-29,2.53
2022-10-30,2.59
2022-10-31,2.65
2022-11-01,2.77
2022-11-02,2.72
2022-11-03,2.73
2022-11-04,2.67
2022-11-05,2.71
2022-11-06,2.98
2022-11-07,2.89
2022-11-08,2.89
2022-11-09,3.06
2022-11-10,3.0
2022-11-11,2.98
2022-11-12,2.98
2022-11-13,2.99
2022-11-14,3.0
2022-11-15,3.0
2022-11-16,3.0
2022-11-17,3.22
2022-11-18,3.22
2022-11-19,3.07
2022-11-20,3.145
2022-11-21,3.22
2022-11-22,3.33
2022-11-23,3.33
2022-11-24,3.33
2022-11-25,3.33
2022-11-26,3.31
2022-11-27,3.265
2022-11-28,3.22
2022-11-29,3.22
2022-11-30,3.22
2022-12-01,3.22
2022-12-02,3.22
2022-12-03,3.22
2022-12-04,3.165
2022-12-05,3.11
2022-12-06,3.0
2022-12-07,2.78
2022-12-08,2.67
2022-12-09,2.67
2022-12-10,2.88
2022-12-11,2.495
2022-12-12,2.11
2022-12-13,2.11
2022-12-14,2.11
2022-12-15,2.11
2022-12-16,2.11
2022-12-17,2.11
2022-12-18,2.2199999999999998
2022-12-19,2.33
2022-12-20,2.33
2022-12-21,2.33
2022-12-22,2.33
2022-12-23,2.33
2022-12-24,2.33
2022-12-25,2.285
2022-12-26,2.24
2022-12-27,2.33
2022-12-28,2.22
2022-12-29,2.24
2022-12-30,2.24
2022-12-31,2.24
2023-01-01,1.77
2023-01-02,1.3
2023-01-03,1.3
2023-01-04,1.3
2023-01-05,1.3
2023-01-06,1.3
2023-01-07,1.3
2023-01-08,1.3
2023-01-09,1.3
2023-01-10,1.3
2023-01-11,1.3
2023-01-12,1.3
2023-01-13,1.3
2023-01-14,1.3
2023-01-15,1.3
2023-01-16,1.3
2023-01-17,1.3
2023-01-18,1.3
2023-01-19,1.3
2023-01-20,1.3
2023-01-21,1.3
2023-01-22,1.3
2023-01-23,1.3
2023-01-24,1.3
2023-01-25,1.3
2023-01-26,1.3
2023-01-27,1.3
2023-01-28,1.3
2023-01-29,1.3
2023-01-30,1.3
2023-01-31,1.3
2023-02-01,1.3
2023-02-02,1.3
2023-02-03,1.3
2023-02-04,1.3
2023-02-05,1.3
2023-02-06,1.3
2023-02-07,1.3
2023-02-08,1.3
2023-02-09,1.3
2023-02-10,1.3
2023-02-11,1.3
2023-02-12,1.3
2023-02-13,1.3
2023-02-14,1.3
2023-02-15,1.3
2023-02-16,1.3
2023-02-17,1.3
2023-02-18,1.3
2023-02-19,1.3
2023-02-20,1.3
2023-02-21,1.3
2023-02-22,1.3
2023-02-23,1.3
2023-02-24,1.3
2023-02-25,1.3
2023-02-26,1.3
2023-02-27,1.3
2023-02-28,1.3
2023-03-01,1.3
2023-03-02,1.3
2023-03-03,1.3
2023-03-04,1.3
2023-03-05,1.3
2023-03-06,1.3
2023-03-07,1.3
2023-03-08,1.3
2023-03-09,1.3
2023-03-10,1.3
2023-03-11,1.3
2023-03-12,1.3
2023-03-13,1.3
2023-03-14,1.3
2023-03-15,1.3
2023-03-16,1.3
2023-03-17,1.3
2023-03-18,1.3
2023-03-19,1.3
2023-03-20,1.3
2023-03-21,1.3
2023-03-22,1.3
2023-03-23,1.3
2023-03-24,1.3
2023-03-25,1.3
2023-03-26,1.3
2023-03-27,1.3
2023-03-28,1.3
2023-03-29,1.3
2023-03-30,1.3
2023-03-31,1.3
2023-04-01,1.3
2023-04-02,1.3
2023-04-03,1.3
2023-04-04,1.3
2023-04-05,1.3
2023-04-06,1.3
2023-04-07,1.3
2023-04-08,1.3
2023-04-09,1.7000000000000002
2023-04-10,2.1
2023-04-11,2.22
2023-04-12,2.09
2023-04-13,2.04
2023-04-14,2.03
2023-04-15,2.1
2023-04-16,1.9700000000000002
2023-04-17,1.84
2023-04-18,1.82
2023-04-19,1.87
2023-04-20,1.85
2023-04-21,1.82
2023-04-22,1.84
2023-04-23,1.27
2023-04-24,1.36
2023-04-25,1.37
2023-04-26,1.17
2023-04-27,1.17
2023-04-28,1.14
2023-04-29,1.27
2023-04-30,1.18
2023-05-01,1.17
2023-05-02,1.17
2023-05-03,1.16
2023-05-04,1.21
2023-05-05,1.21
2023-05-06,1.18
2023-05-07,1.34
2023-05-08,1.47
2023-05-09,1.47
2023-05-10,1.38
2023-05-11,1.17
2023-05-12,1.18
2023-05-13,1.34
2023-05-14,1.02
2023-05-15,1.17
2023-05-16,1.0
2023-05-17,1.03
2023-05-18,0.95
2023-05-19,0.95
2023-05-20,1.02
2023-05-21,0.87
2023-05-22,0.96
2023-05-23,0.95
2023-05-24,0.95
2023-05-25,0.73
2023-05-26,0.73
2023-05-27,0.87
2023-05-28,0.72
2023-05-29,0.72
2023-05-30,0.73
2023-05-31,0.73
2023-06-01,0.72
2023-06-02,0.71
2023-06-03,0.72
2023-06-04,0.75
2023-06-05,0.72
2023-06-06,0.71
2023-06-07,0.72
2023-06-08,0.71
2023-06-09,0.95
2023-06-10,0.75
2023-06-11,1.03
2023-06-12,0.94
2023-06-13,0.95
2023-06-14,0.95
2023-06-15,1.16
2023-06-16,1.16
2023-06-17,1.03
2023-06-18,1.21
2023-06-19,1.21
2023-06-20,1.17
2023-06-21,1.15
2023-06-22,1.25
2023-06-23,1.25
2023-06-24,1.21
2023-06-25,1.34
2023-06-26,1.37
2023-06-27,1.37
2023-06-28,1.37
2023-06-29,1.28
2023-06-30,1.28
2023-07-01,1.34
2023-07-02,1.12
2023-07-03,1.23
2023-07-04,1.12
2023-07-05,1.19
2023-07-06,1.01
2023-07-07,0.98
2023-07-08,1.12
2023-07-09,0.99
2023-07-10,0.95
2023-07-11,0.94
2023-07-12,1.05
2023-07-13,1.0
2023-07-14,1.05
2023-07-15,0.99
2023-07-16,1.4
2023-07-17,1.4
2023-07-18,1.39
2023-07-19,1.38
2023-07-20,1.41
2023-07-21,1.4
2023-07-22,1.4
2023-07-23,1.71
2023-07-24,1.72
2023-07-25,1.71
2023-07-26,1.7
2023-07-27,1.72
2023-07-28,1.72
2023-07-29,1.71
2023-07-30,2.05
2023-07-31,2.04
2023-08-01,2.06
2023-08-02,2.06
2023-08-03,2.05
2023-08-04,2.05
2023-08-05,2.05
2023-08-06,1.99
2023-08-07,2.04
2023-08-08,2.05
2023-08-09,2.04
2023-08-10,1.88
2023-08-11,1.9
2023-08-12,1.99
2023-08-13,1.44
2023-08-14,1.62
2023-08-15,1.38
2023-08-16,1.38
2023-08-17,1.39
2023-08-18,1.4
2023-08-19,1.44
2023-08-20,1.11
2023-08-21,1.21
2023-08-22,1.18
2023-08-23,1.16
2023-08-24,0.97
2023-08-25,0.99
2023-08-26,1.11
2023-08-27,0.98
2023-08-28,0.99
2023-08-29,1.0
2023-08-30,0.96
2023-08-31,0.97
2023-09-01,0.99
2023-09-02,0.98
2023-09-03,1.07
2023-09-04,1.07
2023-09-05,0.97
2023-09-06,1.17
2023-09-07,1.07
2023-09-08,1.09
2023-09-09,1.07
2023-09-10,1.08
2023-09-11,1.09
2023-09-12,1.07
2023-09-13,1.07
2023-09-14,1.07
2023-09-15,1.08
2023-09-16,1.08
2023-09-17,1.21
2023-09-18,1.22
2023-09-19,1.19
2023-09-20,1.19
2023-09-21,1.22
2023-09-22,1.21
2023-09-23,1.21
2023-09-24,1.4
2023-09-25,1.41
2023-09-26,1.33
2023-09-27,1.41
2023-09-28,1.43
2023-09-29,1.44
2023-09-30,1.4
2023-10-01,1.33
2023-10-02,1.44
2023-10-03,1.44
2023-10-04,1.2
2023-10-05,1.25
2023-10-06,1.25
2023-10-07,1.33
2023-10-08,1.25
2023-10-09,1.25
2023-10-10,1.25
2023-10-11,1.21
2023-10-12,1.27
2023-10-13,1.27
2023-10-14,1.25
2023-10-15,1.26
2023-10-16,1.29
2023-10-17,1.27
2023-10-18,1.23
2023-10-19,1.25
2023-10-20,1.25
2023-10-21,1.26
2023-10-22,1.48
2023-10-23,1.48
2023-10-24,1.49
2023-10-25,1.42
2023-10-26,1.53
2023-10-27,1.51
2023-10-28,1.48
2023-10-29,1.67
2023-10-30,1.56
2023-10-31,1.56
2023-11-01,1.78
2023-11-02,1.78
2023-11-03,1.78
2023-11-04,1.67
2023-11-05,1.945
2023-11-06,2.22
2023-11-07,2.22
2023-11-08,2.22
2023-11-09,2.22
2023-11-10,2.22
2023-11-11,2.22
2023-11-12,2.39
2023-11-13,2.22
2023-11-14,2.44
2023-11-15,2.44
2023-11-16,2.44
2023-11-17,2.44
2023-11-18,2.39
2023-11-19,2.17
2023-11-20,2.22
2023-11-21,2.15
2023-11-22,2.17
2023-11-23,2.17
2023-11-24,2.11
2023-11-25,2.17
2023-11-26,2.17
2023-11-27,2.17
2023-11-28,2.17
2023-11-29,2.18
2023-11-30,2.25
2023-12-01,2.23
2023-12-02,2.19
2023-12-03,2.2800000000000002
2023-12-04,2.37
2023-12-05,2.39
2023-12-06,2.36
2023-12-07,2.17
2023-12-08,2.23
2023-12-09,2.32
2023-12-10,2.27
2023-12-11,2.22
2023-12-12,2.2
2023-12-13,2.16
2023-12-14,2.34
2023-12-15,2.32
2023-12-16,2.24
2023-12-17,2.78
2023-12-18,2.84
2023-12-19,2.81
2023-12-20,2.65
2023-12-21,2.56
2023-12-22,2.78
2023-12-23,2.78
2023-12-24,2.2866666666666666
2023-12-25,1.7933333333333334
2023-12-26,1.3
2023-12-27,1.3
2023-12-28,1.3
2023-12-29,1.3
2023-12-30,1.3
